,prompt,open_clip
0,"classic oil painting, sci fi beautiful landscape, environment, colors, film, dramatic, cinematic, highly detailed, mid day, large scale, hyperrealistic, realistic lighting, octane render, by wlop, artgerm, trending on artstation hd, 8 k, clear, sharp ",a painting of a mountain range with a body of water in the foreground . 
1,"3 panel scene, anime girl sleeps inside a cozy dark room - dramatic cozy arts by wlop and okuda genso. wide angle lens. featured on pixiv, anime aesthetic. pixiv, warm aesthetic, rays of light, volumetric light, artstation, vanitas, official art, gothic, noise film photo. octane render, redshift render, ue 4 ",a couple of people laying in a bed . 
2,"art by brian reedy, a beautiful black ink linocut print of a giant cacti forest, 8 k, frostbite 3 engine, cryengine, ground level shot, trending on artstation, digital art, crepuscular ray ",a black and white photo of a cactus field . 
3,a portrait painting of ulysses yen ,a painting of an older man with glasses . 
4,an modern brazilian hotel lobby ,"a lobby area with couches , tables and a chandelier . "
5,"cute fluffy lion cheetah hybrid mixed creature character concept, with long flowing fur blowing in the wind, wearing headdress of tribal peacock feathers and flowers, detailed painting, renaissance, 4 k ",a painting of a lion 's head with feathers on it 's face . 
6,"a rat kitten, with rat face and cat body, photo taken by a nikon, sharp focus, highly detailed ",a cat is sitting on someones hand and looking at the camera . 
7,white chocolate glazed donut with strawberries on a plate with a cup of coffee ,there is a small dessert on the table . 
8,"potrait of cross between donald trump and joe biden laughing, menacing teeth, zdzislaw beksinski, lewis jones, dariusz zawadzki, wayne barlow, 4 k, ultra - high - definition, cold hue palette ",an image of a man that is laughing 
9,"photo illustration comics painting of small scifi machine shop in a shipping container, scifi, cyberpunk, neon lighting, noir, digital photography, intricate detail, unreal engine, 8 k, volumetric lighting, artstation hr giger gustave dore ",an artist 's rendering of a room with a lot of stuff on the floor . 
10,"a beautiful and highly detailed digital painting of an alien pyramid made of stone bricks in the distance, a lush forest on an alien planet, psychedelic patterns, psychedelic plants and trees, intricate details, epic scale, 8 k, sharp focus, photorealism, artstation, cgsociety, by caspar friedrich, albert bierstadt, james gurney, alex grey, zeen chin, ",an image of an alien landscape with pyramids and trees . 
11,"the squid wearing a santa costume, christmas themed winter background, lobster claws, santa beard, by greg rutkowski and frank frazetta, intricate, artstation, vibrant, cinematic, style of magic : the gathering ",a painting of a santa claus and a bug . 
12,"the large cresting waves, dark sky, evoke a sense of wonder, pronounced waves, victo ngai, kilian eng, leonardo da vinci, flat ",a painting of a wave in the middle of the ocean . 
13,"dramatically lit, intricate fractal marble sculpture of an ancient, weathered, mossy tortoise ",a close up of a turtle on a rock 
14,"teacher villainess, dreamworks official character design sheet turnaround, studio, best on artstation, 4 k hd, by nate wragg ",a series of female characters in various poses . 
15,"house of the dragon, beautiful landscape, dreamy, environment, colors, film, dramatic, cinematic, highly detailed, mid day, large scale, realistic lighting, octane render, by wlop, artgerm, by vladimir motsar, high quality, trending on artstation, hd, 8 k, clear, sharp ",an artistic painting of a house with a dragon head on it 's face . 
16,"a painting of the cosmic nebula whale by salvador dali, dark fantasy art, high detail, trending on artstation ",a painting of a blue whale in the sky . 
17,photograph of donald trump's human skin beginning to crack. ,a black and white photo of a man in a suit and tie . 
18,a vintage minimalistic laughing skull with a wide smile warning patch ,a patch with a skull in the middle of it . 
19,armored combat macaw ,a colorful parrot sitting on a branch of a tree . 
20,"closeup profile portrait of a tin toy cat dressed as a victorian gent, nicoletta ceccoli, mark ryden, lostfish, max fleischer, hyper realistic, artstation, illustration, digital paint, matte paint, vivid colors, bright, cheerful, detailed and intricate environment ",a painting of a cat wearing a top hat . 
21,a man in old - fashioned attire walking waist - deep in an infinite sea of crimson blood. many human corpses floating in the red liquid. pitch black sky. stunning horror painting by richard corben and antoine blanchard ,a man standing in the middle of a body of water . 
22,"a painting of 2 d from gorillaz by greg rutkowski, dark fantasy art, high detail, trending on artstation ",a blurry picture of a person with a pink bow on their head . 
23,"minecraft avatar of h. p lovecraft, block photo of author lovecraft ",a black and white image of a man in a suit . 
24,"yogsothoth soggoth azathoth, intricate coherence translucent, evil tentacles, long twisted nebula fog - mist galaxy dead eyeballs, random decor of necro blast, psycho colors veins, realistic flavor, twisted sorrow fade soft, award winning photoshoot, wicked lovecraft drip ",a blurry image of a red and green background . 
25,halle berry's face made of berries ,a close up of a person with short hair . 
26,"3 d close - up swirly neutron start god moebius strip physics giant gladiola ceramic glass!! betta fish! jellyfish phoenix fire energy flow, highly detailed. by wlop, tooth wu, greg rutkowski, alena aenami, beeple ",an abstract image of a fish in the water . 
27,"photo of futuristic cyberpunk geometric diamond subway station tunnel, diamond and black metallic dungeon aesthetic, cinematic lighting, photorealistic, octane render 8 k depth of field 3 d ",an image of an empty room with lights on the ceiling . 
28,"an epic artistic colourful natural scene on an alien planet. organic weird landscape. beautiful very detailed artistic digital artwork by vincent bons, michael whelan, remedios varo and gerardo dottori. grainy and rough. interesting pastel colour palette. beautiful light. oil and water colour based on high quality render. trending on artstation. ",an oil painting of trees in the middle of a field . 
29,"scottish landscape inside a steampunk glass jar hanging from a hot air balloon, intricate detail, hyper detailed, ultra realistic, sharp focus, octane render, lantern, volumetric, ray tracing, sense of awe, swirling mist, blue moon, 4 k ",an image of an image of a light in a jar . 
30,a man catching an angry whale on the end of his fishing rod cinematic 3 5 mm hyperrealistic ,a man holding a fishing rod while sitting on the side of a boat . 
31,"photoreal cyberpunk!!! portrait by nicola samori and russ mills, very intricate! worker wearing a black hoody, glittering light leaks, electromagnetic waves!, blue glowing aggressive led eyes, zbrush, greeble skin, octane render, colani design, cyberpunk, dystopia tokyo ",a man with a face covered in chains and nails . 
32,"cute fluffy kitten panda bunny hybrid mixed creature character concept, with long flowing fur blowing in the wind, wearing headdress of peacock feathers and flowers, detailed painting, three quarter profile view, renaissance, 4 k ",a painting of a cat with flowers in it 's hair . 
33,landscape of nantes in france oil painting ,a painting of a river with a bridge in the background . 
34,"a drawing by gustave dore of a deep sea crinoid. etching, lithograph ",a drawing of a plant with long stems . 
35,"a female demon reaper with a dark purple dress with extrem anger is standing in beautiful moonshine im front of a bloody hell, wlop 4 k, realistic concept art by aleksandra waliszewska, aoi ogata, greg rutkowski and nona limmen ",a painting of a person in a purple outfit holding a sword . 
36,"the essence of the chemical element hydrogen, by m. c. escher ",an intricate drawing of a black - and - white pattern of intersecting lines . 
37,"a green tree frog made of jello, shiny, glowing eyes, octane render ",a green frog sitting on top of a table . 
38,"low poly, pixar, un surreal hybrid animals, nostalgia for a fairytale, magic realism, flowerpunk, mysterious vivid colors by andy kehoe and amanda clarke en un mundo de gediminas pranckevicius, zdzisław beksinski y lisa frank ",a painting of a purple unicorn in a field of flowers . 
39,dreams by dali and atey ghailan ,an artist 's rendering of a person holding a knife in a bedroom . 
40,"spider made of labradorite, fantasy, highly detailed, digital matte painting, artstation, concept art, sharp focus, illustration ",a spider with a blue orb on it 's body . 
41,"sukuna from jujutsu kaisen, highly detailed, digital painting, fantasy, trending on artstation, concept art, sharp focus, illustration, art by artgerm and greg rutkowski and magali villeneuve ",a man with a black jacket and red eyes . 
42,"a painting of a landscape with a red sky with a black rising moon, poster art by noah bradley, peter mohrbacher, behance contest winner, symbolism, darksynth, poster art, apocalypse art, hellish background ",a man standing on top of a mountain looking at the sun . 
43,"portrait of beautiful long haired fluffy white tabby striped wolf profile view with flowing fur blowing in the wind, wearing renaissance robes with lace collar and headdress with tribal peacock feathers and flowers, detailed painting 4 k ",a painting of a white dog with its mouth wide open . 
44,"cosmic horror cute fluffy grey tabby border collie and tan lop eared bunny rabbit hybrid mixed creature concept, with long flowing fur, wearing headdress of tribal peacock feathers and flowers, detailed painting, renaissance, 4 k lovecraft!! dark omnious atmosphere tentacles!! ",a painting of an animal with long ears . 
45,"a giant rock floating in the air, magical levitation, vegetation overgrowth, matte painting, cinematic, artstation, painted by craig mullins and albert bierstadt ",an artistic painting of a forest with trees and rocks . 
46,"the mad hatter from alice in wonderland at the dark carnival in hell, crazy, psychopathic, highly detailed, artstation, intricate, smooth, sharp focus, dark, horror, illustration, art by greg rutkowski and yuumei, good clear quality, lighting, biology, symmetrical artwork, perfect face, 1 3 5 mm, cinematic, hyper realism, high detail, octane",a drawing of a man wearing a top hat . 
47,oil painting by delacroix of a horse not at all frightened by a thunderstorm. ,a painting of a brown and white horse standing in a field . 
48,"[ [ art deco ] ] 1 9 2 0 metropolis art deco architecture fantasy by jama jurabaev greg rutkowski tyler edlin, james paick, emmanuel shiru, victor mosquera, intricate elegant retrofuturistic highly detailed, artstation [ cyberpunk ] ",an artistic rendering of a city with a lot of lights . 
49,"translucent cute pokemon like pet with cute eyes, dark colors smoke spiritual fantasy digital art by artgem, studio ghibli, clean cel - shaded vector art, style artstation, style greg rutkowski, octane render, unreal engine 6, epic game graphics, fantasy, conceptual art, ray tracing ",a bunch of different types of pokemon that are in the dark . 
50,happy male chubby strawberry blonde viking with short hair dancing around in meadow holding a bunch of flowers in the style of rutkowski ,a blurry image of a child holding a frisbee . 
51,"girl stands in a japanese street - poster by wlop, kiyohara tama, krenz cushart, masamune shirow, makoto shinkai, yanjun cheng. featured on pixiv, anime aesthetic, pixiv, anime, cold tones, artstation, power lines, vanitas, official art, gothic dark. noise film photo - up portrait h 7 0 4",an anime girl is standing in the middle of an alleyway . 
52,simple yellow hexagon beehive tattoo ,a woman has a tattoo on her arm . 
53,"a man playing an invisible cello to destroy demons, demons surround the man, spiritual emanations, resonating sound energy, roses, rain, cafe setting, beautiful classical ornament, framed, tarot card, immense landscape, alpay efe, wlop, alessio albi ",a man standing in front of a painting of a rose . 
54,"animation still frame of a puppy eating a bowl of spaghetti, high angle closeup portrait, blurry background of the library, disney, pixar, bloom, medium shot, dramatic lighting, in the style of studio ghibli, j. c. leyendecker, greg rutkowski, artgerm ",a cartoon of a dog eating a bowl of pasta . 
55,"milhouse van houten, hyperrealistic, volumetric golden dappled dynamic lighting, highly detailed, sharp focus, by victo ngai, artgerm ",an illustration of a man wearing glasses . 
56,manmadetexture pbr materials procedural tile patern substance photo game cg textures. com gametextures studio resource image handpaint ,a set of four stone tiles with different patterns . 
57,"jaden smith symmetric portrait as egyptian, front view, white tunic, meadow background, highly detailed, sharp focus, illustration, art by aleksi briclot, magali villeneuve, greg rutkowski, alfons mucha ",a painting of a man in a field . 
58,"portrait of a confident and mature looking northern blond lady in black bdsm leather mask, beautiful blue eyes and red lips, fit abs and body, art by artgerm and greg rutkowski and magali villeneuve, highly detailed, digital painting, trending on artstation, concept art, sharp focus, illustration, masterpiece ",a painting of a woman in a leather outfit . 
59,"an epic artistic colourful natural scene on an alien planet. organic weird landscape. beautiful very detailed digital artwork by vincent bons, michael whelan, remedios varo and gerardo dottori. grainy and rough. interesting pastel colour palette. beautiful light. oil and water colour based on high quality render. ray tracing. beams. ",an image of an alien landscape with trees and rocks . 
60,self - portrait in the park ; giovanni boldini ; impressionism ; 1 9 2 1 ,a painting of a man sitting in the grass . 
61,"bismuth stellations by m. c. escher, endre rozsda, hilma af klint, wu guanzhong. ink and wash painting, calligraphy, vibrant, woodblock, ink, geometric, 3 d, cherenkov radiation. ",an abstract painting of a person and a bunch of stars . 
62,belgian shepherd malinoix playing in a punk rock group called ruin ,a german shepherd dog sitting in a field . 
63,portrait of andre the giant in the style of studio ghibi ,an oil painting of a man with curly black hair . 
64,"nordic mire, brown bear, scenic sunrise, hdr, photorealism, mist, enchanting scenery, nikon d 8 5 0, wide lens, sigma 5 5 ",the sun is setting over a mountain range with a body of water in the foreground . 
65,"eiffel tower in paris, art by artgerm and greg rutkowski and magali villeneuve, d & d, fantasy, highly detailed, digital painting, trending on artstation, concept art, sharp focus, illustration ",a painting of the eiffel tower at sunset . 
66,"only with red, a red faceless king, in a red throne room, a red majestic kingdom but decadent, many skeletons, in the style of beksinski, parts by edward hopper, parts by michael sowa, parts by yue minjun, intricate and mindblowing composition by bosch, red by caravaggio, high quality, high details, masterpiece, red light, artstation,",a painting of a skeleton with a bunch of blood on it . 
67,"photograph, bladerunner city at night, neon pink undertones, sidewalk view ",a city lit up at night with neon lights . 
68,picture of a 3 d rendered golden number 6 on a white background. small text saying 4 is at the bottom of the image. ,a group of yellow numbers on a black background . 
69,full body concept art of elizabeth olsen as scarlet witch holding [ magic in hands ]! symmetry!! golden ratio concept art!! trending on artstation 3 2 k trending on cgsociety intricate artstation hd artstation portraits cgsociety contest winner hd bright lovely atmosphere mucha winkelmann rutkowski wlop artgerm ,a painting of a woman in a red suit and a woman in a blue suit . 
70,surrealist painting of the colors blue and yellow fighting each other with exploding fists ,a blue and yellow painting with yellow paint swirling around it . 
71,"cute kawai young dragon lizard, league of legends hero, hearthstone character, intricate, elegant, highly detailed, digital painting, artstation, concept art, smooth, sharp focus, illustration, art by artgerm and greg rutkowski and alphonse mucha, 8 k ",a painting of a blue dragon with a yellow tail . 
72,"grainy vintage illustration of flash gordon drinking a coke in a public bathroom, newspaper advertisement ",a black and white illustration of a man holding a bottle of soda . 
73,"portrait of young gauchos wearing pilcha while walking in a verdant, verdurous brazilian steppe, intricate, very detailed, jodhpurs greg manchess painting by sargent and leyendecker, studio ghibli fantasy close - up shot asymmetrical intricate elegant matte painting illustration hearthstone, by greg rutkowski by greg tocchini by james gilleard ",a painting of a man on a horse with two cows . 
74,"alexandra daddario in mirrors, pretty face, close, cinematic moody colors, realistic shaded lighting, cinematic wallpaper by stanley artgerm lau ",a woman with blue eyes and long brown hair . 
75,henri rosseau. a jungle in the twilight sun. lots of colorful flowers and animals. a small pond with frogs. ,a painting of a forest with a pond in the foreground . 
76,"evil occult grimoire, painted cover laughing, 4 k ultra realistic detailed 8 k sensation of dread artstation trending dramatic lighting contrasting light and dark style photorealism cinematic magic colorful wonder by h. p. lovecraft elden ring ",an image of an evil looking green creature . 
77,"full - length impressionist portrait. an emo. short dark brown messy pixie haircut, large eyes, black eyes, antichrist eyes, slightly rounded face, pointed chin, thin lips, small nose, black tank top, black leather jacket, black knee - length skirt, black choker. ",a painting of a woman in a black dress . 
78,"cloth, white fabric coat, jodhpurs high black or brown lether boots and belts, fashion retro, elegant long hair brunette young girl, dark fantasy traveler, sunset light, geometrical low poly, dainty renaissance portrait by michael garmash, greg rutkowski, gaston bussiere, rhads, craig mullins ",a painting of a woman holding a pair of shears . 
79,"cute fluffy grey tabby border collie and tan lop eared bunny rabbit hybrid mixed creature character concept, with long flowing fur, wearing headdress of tribal peacock feathers and flowers, detailed painting, renaissance, 4 k lovecraft!! dark omnious atmosphere tentacles!! ",an illustration of a fluffy dog with pink ears . 
80,"a retro minimalistic fire flame warning caution label enamel pin, hd, concept art, artstation ",a red and black pin with a flame on it . 
81,"realistic portrait of an ethiopian knight in a byzantine mosaic, very detailed, very realistic, elegant, top art, renowed artwork ",a mosaic of a man with a crown on his head . 
82,the fool tarot by roberto matta ,an abstract painting of a man and a woman . 
83,"kodak portra 4 0 0, wetplate, muted colours, blueberry, 1 9 2 0 s style, long shot, macro photo of a colourful 1 9 2 0 s handsome chubby 1 6 yo bavarian cowherd girl posing in a beautiful flower meadow in the bavarian alps, mountain panorama, motion blur, tiny gaussian blur, depth of field ",a man in a field of flowers wearing a hat . 
84,back view of a woman war hero standing before an erupting volcano cinematic theatrical lighting dramatism anton fadeev greg rutkowski intricate 3 2 k trending on artstation cgsociety contest winner award winning golden ratio centered minutia details ,two women standing in front of a volcano . 
85,a panicked woman in a corridor wearing a green ball gown and emerald necklace. blood stains on her face. terrified look. long chestnut hair. photograph by vittorio matteo corcos ,a black and white photo of a woman and a child . 
86,"a painting of a japanese demon by kentaro miura, inking, high detail, trending on artstation ",an ink drawing of an evil looking creature . 
87,"collision of [ earth and mars ]!!, view from space!!, trending on artstation!!, astrophotography!!, contest winner, award winning, sharp, intricate, detailed, digital art, 4 k, cinematic still, theatrical atmosphere, sci - fi art, dark fantasy, wide screen, wide angle ",an image of a red planet with a sun in the background . 
88,bloodborne kart ,two men in black robes holding a sword and umbrella . 
89,"beautiful landscape, beauty, ornate robe. fractal bells, rule of thirds. intricate environment, art by victo ngai, rossdraws, thomas kinkade, ilya kuvshinov, peter mohrbacher, craig mullins. unreal engine 5, blender, octane, ray tracing, dramatic studio lighting, sharp focus, masterpiece, post processing ",two people are standing in the middle of a forest . 
90,"[ full - body portrait of a man ]! with a disdain, exacerbated facial expression, wearing a [ white robe ]!, trending on [ artstation ]!, digital art, cgsociety contest winner, [ symmetrical ]!, golden ratio!, award winning, bioluminescent colors, volumetric lighting, afrofuturism ",a man in a white robe standing in front of an angel . 
91,"landscape by piotr jabłonski, artstation, ultra detailed, 8 k ",a painting of a stream in the middle of a forest . 
92,"figurativism tasteful portrait of a young dude 1 9 years old, with lemon ",a painting of a young man with two lemons . 
93,"rick sanchez in lab suit, face to camera walking in a field. france, dordogne, hills, ultra high, face to camera, detail, 8 k, sunset, flowers, trees, river, hills, octane render. ",an old man in a field of red flowers . 
94,futuristic robot alien invasion award winning pixar movie poster ,an image of a robot and some other cartoon characters . 
95,"highly detailed interior rendering of a beautiful luxurious house, unreal engine, by peter guthrie ",a large room with two large windows in it . 
96,"a sad tiny cute chipmunk inside a prison cell behind bars, big eyes, cute face ",a close up of a small animal in a cage . 
97,"a biomechanical raspberry made of metal, reflective ",a close - up of a metal object on a table . 
98,"cyberpunk coral alucard, highly detailed, digital painting, trending on artstation, concept art, sharp focus, illustration, art by artgerm and greg rutkowski and magali villeneuve ",an image of a woman with headphones and a gun . 
99,"long distance shot of a tiny cute polar bear on a tiny iceberg in the middle of the ocean, sunset, atmospheric, hazy ",a polar bear standing on top of an ice floe . 
100,"the oligarchs have got away with it by emiliano ponzi, james gilleard, george ault, david hockney, atey ghailan, albert namatjira, marius borgeaud, minimalist, bauhaus, retrofuturism, concept art, matte background, matte drawing, generative art ",an illustration of a building with a fire hydrant on it . 
101,"crystal gemstone blue rendering, single, photorealistic, bright backround, photography, artstation ",there are many different types of blue rocks . 
102,dashcam footage of a cyberpunk alley ,an image of a city street with a lot of graffiti on it . 
103,"very dynamic and stylized cloud formations, dramatic sky, cumulonimbus, colorful, flowing stars around, translucent, asymmetric composition, rule of thirds, by ivan aivazovsky ",an oil painting of a boat in the water . 
104,"portrait of aloy, robot steampunk, floral! horizon zero dawn machine, intricate, elegant, highly detailed, ray tracing, digital painting, artstation, concept art, smooth, sharp focus, illustration, art by artgerm and greg rutkowski and alphonse mucha, 8 k ",a woman with a bunch of gears around her neck . 
105,pixar animation's donnie darko ,a man in a blue shirt and blue jeans . 
106,"kodak portra 4 0 0 portrait by paolo roversi of a dystopian woman like alabaster statue in a scenic dystopian environment, hair floating in air, stormy clouds intricate, elegant, highly detailed, digital art, artstation, concept art, smooth, sharp focus, tomasz alen kopera, peter mohrbacher, donato giancola, tonal colors ",a couple of people that are standing in the dirt . 
107,"grumpy emma watson sitting in a bar, fantasy, concept art, artstation, disney, pixar, dreamworks, anime, tyler edlin, feng zhu, thomas karpi ",an illustration of a woman sitting at a bar holding a drink . 
108,sheryl sandberg painted by vermeer ,a painting of a woman in a blue dress . 
109,"a biomechanical orchid flower made of jello, reflective, octane render ",a candle is sitting on top of a candle holder . 
110,"lemonbrat studios fursuit, fursuiter, photo taken in the dealers'den at midwest furfest 2 0 1 8 ",a group of people dressed up in animal costumes . 
111,"oil portrait painting by van gogh of a squirrel, full face. ",a blurry picture of a yellow vase with a green handle . 
112,cute hedgehog hug adorable ,a hedgehog is sitting on the ground with a blanket . 
113,"fineart portrait of the king skull, medieval armor, crown of leaves, surrounded by trees, surreal fantasy art, illustrated by dan mumford, alphonse mucha ",a painting of two skulls wearing crowns . 
114,"kitten alien, photo taken by nikon, sharp focus, 4 k. ",a kitten with blue eyes sitting on top of a wooden table . 
115,"elder thing chef in a kitchen, by josan gonzalez splash art graphic design color splash high contrasting art, fantasy, highly detailed, art by greg rutkowski ",an illustration of a creature eating a cake in a kitchen . 
116,"mysterious figure wearing a synthwave trenchcoat. movie still, postapocalyptic ",a man in a trench coat and a hat holding an axe . 
117,"evokes a sense of wonder, atmospheric dreamscape painting, dramatic lighting, mysterious and detailed depiction of a woman holding only a book, digital art, critical detail, a simple textured vector based illustration, sharp focus, wlop by ( artstation jeremiah ketner and leonardo da vinci and greg rutkowski ), cinematic, contrasting colors ",a woman holding two books in her hands . 
118,"beautiful ink sketch, a fantasy young girl in ww 1 dieselpunk, power lines, zeppelin airship by the edge chronicles by chris riddell, by ilya kuvshinov, wlop, krenz kushart, boris vallejo, ayami kojima and ayami kojima ",a woman holding an umbrella while standing next to another woman . 
119,"elon musk portrait, classic oil painting, highly detailed, digital illustration, concept art, smooth, sharp focus, art by greg hildebrandt, and tim hildebrandt ",a painting of a man with a headset on his head . 
120,"marina abramovic : performance in 1 9 7 0 fire in sea, digital painting ",a painting of a woman in a purple dress with an orange tie . 
121,"cyberpunk hong kong skyline at night, neon, futuristic, reflection at water, ",a view of a city skyline at night . 
122,"surreal summer morning!! gediminas pranckevicius!! a happy house by made of flowers kengo kuma, art by malevich, very coherent, sharp, colorful high contrast, dark shadows, hard lighting, floralpunk flower garden, inking etching screen print paper cutout collage ",a painting of a field of flowers with houses in the background . 
123,"baby quokka in a teacup, photography, minimalistic, 8 k ",a close up of a small animal in a cup on a table . 
124,"cute fluffy baby snowy owl lion hybrid mixed creature character concept, with long flowing mane blowing in the wind, wearing headdress of tribal peacock feathers and flowers, detailed painting, renaissance, 4 k ",an image of an owl that is very fluffy . 
125,"jordan peterson as homelander, hyper realistic, sharp focus, golden ratio, combining the style of marvel and the boys, cinematic ",a man standing in front of an iron spider man . 
126,"pineapple mecha robot, 8 k resolution, food photography, studio lighting ",a close - up view of the top of a pineapple . 
127,"fish bowl, coral by rob gonsalves ",a fish swimming in a fish bowl in the water . 
128,"megumin, highly detailed, digital painting, concept art, smooth, sharp focus, artstation, artgerm and greg rutkowski and alphonse mucha and j. c. leyendecker and edmund blair leighton and katsuhiro otomo and geof darrow and phil hale and ashley wood and ilya repin and charlie bowater ",an asian woman with black hair wearing a black jacket . 
129,ares the greek god of war in flight wild rift hero champions arcane magic digital painting bioluminance alena aenami artworks in 4 k design by lois van baarle by sung choi by john kirby artgerm style pascal blanche and magali villeneuve mage fighter assassin ,a painting of a man holding a sword and a shield . 
130,"film flash photography of a pale humanoid running towards the camera, eyes reflecting light, dark background, grainy, scary, disturbing ",a man with a skeleton face running in a black and white photo . 
131,"a group of friends going to the airport in a taxi, digital illustration, perfect lighting, perfect composition, derek zabrocki, greg rutkowski ",a man in a suit is sitting in the driver 's seat of a car . 
132,"cute fluffy baby lop eared bunny sloth hybrid mixed creature character concept, with long flowing mane blowing in the wind, wearing headdress of tribal peacock feathers and flowers, detailed painting, renaissance, 4 k ",a painting of an animal with long hair . 
133,watercolor by john james audubon of a swift in flight over a meadow at dawn. ,a painting of a bird flying over a field . 
134,"a painting of the mothers of the sun by kentaro miura, dark fantasy art, high detail, trending on artstation ",a bunch of women that are all wearing some sort of headdress . 
135,"cute miss mascot charmillon charmillon beautifly super hero sticker art, cronobreaker, beeple game icon ",a sticker of a girl with blue and pink hair . 
136,"digital pen lineart sketch of athletic motoko kusanagi by gnomon, by ilya kuvshinov, trending on pixiv fanbox ",a black - and - white illustration of a woman holding a sword . 
137,"photo cartoon illustration comic manga painting of main room environement : 6 fantasy environement, digital painting, volumetric lighting by feng zhu, 3 d alejandro alvarez alena aenami artworks in 4 k beeple, by thomas kinkade hearstone league of legends dofus overwatch ",an artistic painting of an open area with a lot of lighting . 
138,"chris evans as the homelander, marvel style, hyper realistic portrait, ",a painting of a man in a red suit with a white star on it . 
139,stalin tapdancing on stage. red curtain. spotlight. top hat. photorealistic. trending on artstation. ,a painting of a man and a man with a bag . 
140,"pov in a crowd of troubadour with toga in ancient neoclassical buildings, light blue troglodyte temples with yellow drapery in a deep flesh pit by piranesi, cinestill 8 0 0 t 3 5 mm, high quality, mud, rain, fog, by night, ultra wide lens, anamorphic, dramatic light ",a large crowd of people in a cave . 
141,"vfx film closeup, monster creature by aaron sims, low - key lighting award winning photography arri alexa cinematography, hyper real photorealistic cinematic beautiful, atmospheric ",a close up view of a creature with a lot of teeth . 
142,"tree spiraling into the infinite sky, worldtree, yggdrasil, art by artgerm and greg rutkowski and magali villeneuve, d & d, fantasy, highly detailed, digital painting, trending on artstation, concept art, sharp focus, illustration ",an artistic painting of a tree with a sky in the background . 
143,"textless logo. a giant human fist crushes the planet earth. logo design. graphic design. clean lines, solid colours. textless ",a blue and orange logo with a person in a blue shirt . 
144,"amazon warrior mila kunis riding mounted on a fierce large white tiger, wintery scene, snow storm, donato giancola, mark brooks, ralph horsley, charlie bowater, artgerm, christopher balaskas, bastien lecouffe - deharme ",there is a white tiger running through the snow . 
145,"redhead bombshell anime girl wearing brown lolita dress, mob cap red shoes, tie. by krenz cushart extremely detailed, sharp focus, wallpaper, isekai farm. smooth digital illustration, matte painting concept art, cover art, trending on arstation, pixiv. splash art ",an anime girl with red hair is standing on the street . 
146,"line silhouette of a bird, line drawing art ",a silhouette of a bird on a tree branch . 
147,a hyperrealistic painting by ilya repin of a group of young people sitting by a table and on writing a message on an iphone. laughing and discussions. inside a bar. 5 0 mm. very detailed. ,a group of people sitting at a table . 
148,"sunset, art by artgerm and greg rutkowski and magali villeneuve, d & d, fantasy, highly detailed, digital painting, trending on artstation, concept art, sharp focus, illustration ",an artistic painting of a woman in a red dress . 
149,"painting of a man farmer at work in the field, by steve huston, arduous work, naturalist, jules bastien - lepage, muscular, shirtless, hard labour, melancholic, hyper - realistic, very detailed, dusk ",a painting of two men digging in a field . 
150,giant spider attending a barbeque ,a large spider is sitting on top of a grill . 
151,"lana del rey styled by nick knight, vogue magazine, annie leibovitz, highly realistic. high resolution. highly detailed. dramatic. 8 k. 4 k. ",a woman with long red hair wearing a white dress . 
152,"brunch with eggs, lox, and bagels on a plate on cafe table detailed illustrator vector illustration 4 k ",an assortment of breakfast foods and drinks on a table . 
153,[ sonic ]!! eating [ steak ] trending on artstation concept art photorealistic award winning 4 k 8 k quality detailed intricate wide - angle ,a piece of steak on top of a white plate . 
154,"portrait of terrified! ball gown young woman, long brown hair, bloodied!, emerald necklace! au naturel, hyper detailed, digital art, trending in artstation, cinematic lighting, studio quality, smooth render, unreal engine 5 rendered, octane rendered, art style by klimt and nixeu and ian sprigger and wlop and krenz cushart ",a woman with blood all over her face and neck . 
155,"robert englund as a 1 8 5 0 s marvel villain eldrad, volumetric dark natural light, dark enlightenment, alchemy, albedo, octane render, by zdzislaw beksinski, jack kirby, tom lovell, alex malveda, greg staples ",a painting of an old man wearing a red jacket . 
156,cybertron ,an image of a large robot in the middle of a city . 
157,"the temple of spiders, brutalist architecture. sheep, there is a sacrifice, the moon, moonlight, highly detailed, renaissance painting, gothic, 4 k, matte painting beksinsk, barlowe, dali ",an artistic rendering of an ancient greek temple . 
158,"hot wheels real size car, photograph, epic cinematic, very high fetail ",a car that is sitting in the dirt . 
159,"ancient japanese fantasy garden at night, beautiful woman caring for peonies, beautiful face and hands, natural pose,, spotlight on the woman, pond with water lilies, ethereal warm light, mist, fantasy world, coherent composition, detailed fantasy painting, yuumei, noriyoshi ohrai, ( ( rolf armstrong ) ) ",a woman in a pink dress standing in a pond of flowers . 
160,"highly detailed portrait of panda holding a bag, intricate, elegant, cinematic lighting, artstation, greg rutkowski, hdr, artgerm, gerald brom, wlop, alphonse mucha ",a painting of a panda bear wearing a hood . 
161,"art by brian reedy, a high contrast black ink linocut print of the giant cactus forest baja mexico, 8 k, frostbite 3 engine, cryengine, ground level shot, dof, trending on artstation, digital art, crepuscular ray ",a black and white drawing of many cactus plants . 
162,"character and environment design, portrait 2 0 - year - old dark fantasy female druid, tattered hood and robe, infested bear standing, medium shot, wide angle, 2 0 0 px ",an image of a woman in a costume in the woods . 
163,"good morning ( ( good morning ) ), field flowers, danish cookies, ancient manuscript, 3 d art, digitial illustration, nordic pastel colors, perfect lightning ",a field of purple flowers with purple flowers in the grass and purple flowers in the background . 
164,a portrait of emma watson in the style of the mona lisa ,a painting of a woman in a green dress . 
165,"horse herd in a glade with corsican village, highly detailed, digital painting, artstation, concept art, sharp focus, illustration, art by aleksi briclot, raphael lacoste, magali villeneuve ",a herd of horses grazing on a lush green field . 
166,"artistic portrait of a confident and severe looking northern war goddess, extremely long blond braided hair, beautiful blue eyes and red lips, perfect fit body, art by artgerm and greg rutkowski and magali villeneuve, highly detailed, digital painting, trending on artstation, concept art, sharp focus, illustration, masterpiece ",a painting of a woman with long blonde braids . 
167,a traffic sign with red cross wirtten on it ,there is a stop sign on the side of the road . 
168,"cyborgs church, beautiful landscape, environment, colors, film, dramatic, cinematic, highly detailed, mid day, large scale, hyperrealistic, realistic lighting, octane render, by wlop, artgerm, trending on artstation, hd, 8 k, clear, sharp ",an image of an image that is very blurry . 
169,"a biomechanical blue raspberry made of metal, reflective ",a blue metal object sitting on top of a table . 
170,"movie frame still from live action crazy penguin vampire with long and sharp fangs eating dinner, 8 k, ultra wide angle, zenith view, greg rutkowski, kim jung gi, ilm, oscar winning photography, grain, dramatic lighting, greg nicotero, troma, gore movie, horror movie, sharp focus, ultra lens ",a penguin eating meat on the ground next to another penguin . 
171,broccoli in flight wild rift hero champions arcane magic digital painting bioluminance alena aenami artworks in 4 k design by lois van baarle by sung choi by john kirby artgerm style pascal blanche and magali villeneuve mage fighter assassin ,a painting of a woman and a man in a purple and yellow background . 
172,"a cyborg robotic elephant made of metal in a large city, cinematic lighting ",an elephant statue made out of scrap metal . 
173,"portrait of nicolas sarkozy, high quality, high detail, natural texture, photography, ilford film, heavy gain by annie leibovitz, by irving penn ",a black and white photo of a man with his hand on his face . 
174,frumplejunkus in the style of john tenniel ,a cartoon of an animal wearing a red vest . 
175,"portrait of a gaucho gentleman, military outfit, artstation, intricate, very detailed, jodhpurs greg manchess painting by sargent and leyendecker, studio ghibli fantasy close - up shot asymmetrical intricate elegant matte painting illustration hearthstone, by greg rutkowski by greg tocchini by james gilleard ",a painting of a man and a woman wearing hats . 
176,meme about working at a peanut butter factory ,a bunch of pictures that are in a collage . 
177,sa © racrawl sa © racrawl avalugg digital illustration fanart artstation by muhammad aiman ,a woman with long black hair is looking at the camera . 
178,post - impressionism ,an oil painting of a woman in a blue dress . 
179,"portrait of beautiful long haired fluffy white cat with flowing fur wearing renaissance robes with lace collar and crown with jewels and flowers, detailed painting 4 k - n 4 ",a painting of a cat dressed in a fur coat with a crown of flowers on it 's head . 
180,"oil matte portrait, blue witch using fire magic on clown. digital painting, fantasy, concept art, cinematic colors, realistic shaded. by ilya kuvshinov, magali villeneuve, artgerm, greg rutkowski ",a painting of a woman with blue skin and red hair . 
181,"glen coe sunrise inside a steampunk glass jar, matte painting, contest winner, photorealistic, cinematic, terragen ",a window looking out at a river and mountains . 
182,"detailed digital biopunk biomechanical city in front of retrofuturistic iridium flowers, cinematic lighting, 8 k, artgerm, wlop, rutkowski, carne griffiths, ayami kojima, trending cgsociety deviantart, minimalism ",a group of people standing in front of a building . 
183,"a 3 d model of a car, blender, unreal engine ",a red and black car on the ground next to another red car . 
184,golden mountain of bitmaps ,a green and yellow pattern on a red background . 
185,"style of beeple!!!!!, workshop!!!!, hangar, mickey mouse head, broken, repair, brush strokes, automaton, mechanical claw, group of soldiers!!!!!!, overalls, grime, haze, machinery, dystopian, concept art, artstation, cyan ",a painting of a mickey mouse in a police uniform . 
186,"eternal happiness, by hayami brightmind and studio ghibli, beautiful, futuristic, scifi, stars, unique, artstation ",an illustration of a woman holding something in her hands . 
187,"bender chef in a kitchen, by josan gonzalez splash art graphic design color splash high contrasting art, fantasy, highly detailed, art by greg rutkowski ",a painting of a person in a suit and apron . 
188,"portrait, donald trump warrior, heavy bronze breastplate, by donato giancola, wayne reynolds, jeff easley dramatic light, high detail, cinematic lighting, artstation, dungeons and dragons, in the mountains, ",a painting of a man wearing a suit of armor . 
189,"black crowned crane drinking champagne in a restaurant by greg rutkowski and thomas kinkade, trending on artstation, 3 d render octane ",a man sitting at a table with a glass of wine . 
190,"closeup portrait of afat police officer eating from the ground in an amsterdam street, natural light, sharp, detailed face, magazine, press, photo. steve mccurry, david lazar, canon, nikon, focus ",a police officer sitting on the ground with a plate of food . 
191,"snarling anubis, by james gurney, cyberpunk, scifi, dystopian art, cinematic, dramatic lighting, intricate details, cool colors, hd ",a group of horned animals standing next to each other . 
192,"a clay model of a mythological hydra monster with many heads, intricate details, photograph, sharp focus, depth of field, cinematic lighting, inspired by ray harryhausen, ",a close up view of an octopus tentacle . 
193,"shoulder portrait of a cute mila kunis as a cyberpunk assassin posing in front of her spaceship, ar sunglasses, golden hour dramatic light, high contrast, sharp, stanley lau, stanley artgerm, wlop, beeple ",a woman wearing sunglasses standing in front of a tunnel . 
194,"mysterious figure wearing a synthwave punk cyber cybernetic trenchcoat. photograph, postapocalyptic, over the shoulder, fashion, vimeo netflix, decorated punk trenchcoat. eerie. gentleman magician elegant ",a person in a purple outfit and a gun . 
195,spicey vodka bottle ,a glass filled with a drink on top of a wooden table . 
196,die cut sticker of anime chibi kawaii cute pineapple unicorn ,a hand holding a sticker of a girl with pink hair . 
197,"white fur mothman, big wings on back, mothman moth, six arms, amazing movie still hd ",an animated creature with long white wings . 
198,"photoreal portrait intricate darkwar assassin wearing a dark hoody, apocalyptic scenario, intricate malfunctioning open circuits, glittering light leaks, electromagnetic waves, blue glowing aggressive led eyes, zbrush, rhino 3 d, greeble skin, octane render, industrial design, trending on artstation, cyberpunk, dystopia tokyo ",a man wearing a futuristic mask with blue lights . 
199,"grumpy mib sitting in a bar, fantasy, concept art, artstation, disney, pixar, dreamworks, anime, tyler edlin, feng zhu, thomas karpi ",an artistic painting of a bar in a pub . 
200,the problem solver ,a poster of a man with a hat on his head . 
201,"alien egg, cocoon, transparent, inside outline of an owl, neon blue glow from inside, bright colors, space around ",an illustration of an egg in the middle of a field . 
202,"moon sea and night sky with stars and galaxies, cloud, ornate detailed background, trending on artstation, by rossdraws, thomas kinkade ",a painting of a sky filled with stars and clouds . 
203,"photograph of a cairn inside a glass jar, on a mountain top in scotland, leica summilux 2 4 mm lens, iso 1 0 0, f / 8, portra 4 0 0, award winning ",there is a jar on the ground near the hills . 
204,"high detail, macro portrait photo, a extremely beautiful young woman of dutch ancestry with blue eyes and long blonde permed hair, perfect teeth smiles at the camera, set in a dimly lit bar at golden hour, shot using a zeiss supreme prime lens ",a close - up of a woman 's blue eyes . 
205,"a portrait of emily blunt cultist of yog sothoth golden bangles arcane and ultrafine detailed painting, detailed painting, detailed glowing eyes!!, final fantasy lovecraft ghibly dark ominous atmosphere ",a blurry picture of a person in a black suit . 
206,"a cyberpunk goddess, vi, side portrait, striking, defiant, spotlight, paint drips, paint splatter, vibrant colors, 1 9 years old, beautiful eyes, by marco paludet and gianni strino and marion bolognesi ",a painting of a woman 's face with bright colors . 
207,"portrait of a cyborg dragon, digital art, lense flair, octane render, film, cinematic lighting, film studio photo ",an image of a monster that is in the sky . 
208,close - up face of schoolgirl j - pop av idol actress. by apofiss painting by apofiss. style by apofiss. by apofiss. by apofiss ,a painting of an asian girl with long black hair . 
209,eminem eating candy floss in the desert with dolphins ,two men sitting on the ground eating cotton candy . 
210,"giant cyborg, simulation theory, highly detailed, artstation, art by vladimir motsar and emika lightweaver and nicholas cort and paul pepera ",an image of a giant robot in the middle of a city . 
211,"artistic portrait of a confident and mature looking northern blond lady in black bdsm leather cat mask, beautiful blue eyes and red lips, fit abs and muscules, art by artgerm and greg rutkowski and magali villeneuve and noobovich, highly detailed, digital painting, trending on artstation, concept art, sharp focus, illustration, masterpiece ",a painting of a woman wearing a red and black mask and holding a stick . 
212,"guts from berserk, symmetric armor, highly detailed, male, smooth, sharp focus, dark fantasy, greyscale, digital illustration, by artgerm, greg rutkowski, alphonse mucha ",a black and white painting of a man in a suit of armor . 
213,"portrait of mileena, robot steampunk, floral! horizon zero dawn machine, intricate, elegant, highly detailed, ray tracing, digital painting, artstation, concept art, smooth, sharp focus, illustration, art by artgerm and greg rutkowski and alphonse mucha, 8 k ",a woman wearing a metal body suit with a purple flower on it 's forehead . 
214,"low - fi analog photography. liminal space, submarine interior with aquarium. cheap tv film set. strange, nonsensical, unsettling, dreamlike, infinite. ",a room filled with lots of fish in the water . 
215,"a vibrant emotional animation key shot of cute dog, studio ghibli, pixar and disney animation, sharp, disney concept art watercolor illustration by shinji kimura and alphonse mucha and alena aenami, pastel color palette, bloom!!, dramatic lighting ",a dog sitting on top of a tree stump . 
216,"photo environement cyberpunk wood : 4, 4 k rtx hdr volume light concept studio matte painting environement digital illustration style cyberpunk 2 0 7 7 artstation artur tarnowski, mihai muscan, marcin tomalak, marta leydy, marcin stepien, charlotte hughes, zuzanna dabrowa neon bioluminiscence ",an image of a city with a lot of lights in the background . 
217,"hugo weaving as a 1 9 8 0 s marvel villain eldrad, volumetric dark natural light, dark enlightenment, alchemy, albedo, digital painting, by zdzislaw beksinski, jack kirby, tom lovell, alex malveda, greg staples ",a blurry picture of a person in a green outfit . 
218,thanjavur painting of a highland cow and a hippopotamus. ,an oil painting of a large bull in a field . 
219,a cannabis colas dispersing dank flavour into the wind a painting by rukowski ,a painting of a marijuana plant in the sky . 
220,"biohazard portrait of gandalf, tesla coils!, as mad scientist in laboratory au naturel, hyper detailed, digital art, trending in artstation, cinematic lighting, studio quality, smooth render, unreal engine 5 rendered, octane rendered, art style by klimt and nixeu and ian sprigger and wlop and krenz cushart ",an old man with long white hair and a long beard . 
221,"a highly detailed matte painting of bloodborne kart, by studio ghibli, makoto shinkai, by artgerm, by wlop, by greg rutkowski, volumetric lighting, octane render, 4 k resolution, trending on artstation, masterpiece ",an old steam engine is in the middle of a city . 
222,"grumpy skeletons sitting in a bar, fantasy, concept art, artstation, disney, pixar, dreamworks, anime, tyler edlin, feng zhu, thomas karpi ",a couple of skeletons sitting at a table in a room . 
223,"portrait of beautiful cute tribal spirit white cat with tabby stripes, side profile view with long flowing fur and headdress of peacock feathers and flowers blowing in the wind, detailed painting, 4 k, magical realism ",a painting of a white cat with blue eyes . 
224,"symmetry!! a exquisite delicate hyperdetailed of chinese dragon,, intricate, elegant, masterpiece, 4 k hd illustrative wallpaper, viewed from afar, style of tom bagshaw, radiant light, minimalist, detailed and intricate environment, cedric peyravernay, peter mohrbacher, victo ngai, pinterest ",an artistic painting of a dragon in the sky . 
225,bismuth by m. c. escher. vibrant. ,an abstract image of triangles in black and white . 
226,"a renaissance portrait of dwayne johnson and mr. bean, art in the style of rembrandt!! intricate. ultra detailed, oil on canvas, wet - on - wet technique, pay attention to facial details, highly realistic, cinematic lightning, intricate textures, illusionistic detail, ",a close up of a painting of a man 's face . 
227,"a high fashion model studio stunning backlit portrait of frowning anime girl, painting by gaston bussiere, craig mullins, j. c. leyendecker ",a painting of a woman with red hair wearing a brown dress . 
228,"close up portrait of beautiful female supermodel wearing olive dress, hotography by amy leibowitz, wlop, jeremy lipkin, beeple, intricate, symmetrical front portrait, artgerm, ilya kuvshinov ",a painting of a beautiful woman in a green shirt . 
229,"a biomechanical dahlia flower, cybertronic, metallic ",a close - up of a purple flower with a green stem . 
230,"an anthropomorphized block of tofu busting through a brick wall, cartoon style, inspired by the kool aid man ",a person with a box on their head is climbing a brick wall . 
231,"jaden smith closeup portrait, white and teal shirt, cinematic lighting, highly detailed, sharp focus, illustration, art by aleksi briclot, magali villeneuve, greg rutkowski, alfons mucha ",a painting of a young man with dreadlocks . 
232,"school girl slipped in the school bathroom - dramatic cozy portrait poster by wlop and okuda genso. featured on pixiv, anime aesthetic. pixiv, warm aesthetic, rays of light, volumetric light, artstation, vanitas, official art, gothic, noise film photo. octane render, redshift render, ue 4 ",a woman sitting at a table with papers on the table . 
233,"portrait of serah farron cyberpunk magician in tai chi pose walking on water, long hair,, depressive color palette, rule of thirds, cinematic lighting, rainy weather, melancholy atmosphere, sharp focus, backlit, stunning, model agency, smooth, hard focus, full body shot, hyper realistic, cinematic ",a woman with purple hair is standing in the rain . 
234,"detailed science - fiction character portrait of a sloth skydiving, wild, highly detailed, digital painting, artstation, concept art, smooth, sharp focus, illustration, art by artgerm and greg rutkowski and alphonse mucha ",a painting of an animal flying through the air . 
235,"1 9 century, strange neon glyphs carved on glace wall, ice wall, two traveller with torches, reflections, jodhpurs greg manchess painting by sargent and leyendecker, studio ghibli, fantasy close shot asymmetrical intricate elegant illustration hearthstone ",a statue of a man holding a pipe in his mouth . 
236,steelpunk grateful stall cube ( s ) in nature ,a pair of metal boxes sitting on top of a grass covered field . 
237,a portrait painting of craig lafferty ,a painting of a man smiling for the camera . 
238,"a fisheye lens portrait shot on full - frame camera of a beautiful woman, wide - angle close - up portrait with lens distortion, simon stalenhag, tim walker, harpers bazaar art id magazine vogue, cinematic lighting, rendered in octane ektachrome ",a woman is standing in a pool of water . 
239,"a beautiful and highly detailed digital painting of an alien temple pyramid in a lush valley on an alien planet, psychedelic patterns, intricate details, epic scale, 8 k, sharp focus, photorealism, artstation, cgsociety, by caspar friedrich, albert bierstadt, james gurney, alex grey, brian froud, ",a painting of a pyramid in the middle of a forest . 
240,"photo of meagan good in a bikini on a beach in ibiza, sunset behind her ",a woman standing on the beach in a purple bikini . 
241,a scene from the 9 0 s movie 2 0 0 1 : a space oddesey depicting the following :'a rainy day where a couple in love in their kitchen are serenading to the sizzling bacon in the cast iron pan.'foggy morning light | focal point on the pan and bacon | hd | ektachrome | professional | edward hopper | ,"an oil painting of a kitchen with a stove , sink , and counter . "
242,a scary image of an old man wearing a gas mask ,a man wearing a gas mask in a black and white photo . 
243,a can of heinz. ,a can of soda is sitting on a table . 
244,"photo cartoon illustration comics manga painting of desertenvironement : 6 fantasy environement, digital painting, unreal engine, 8 k, volumetric lighting, contrast by john kirby by carl warner and jim woodring, trending on artstation ",an illustration of a group of people in the desert . 
245,"photoreal portrait intricate darkwar pumuckl wearing a dark hoody, apocalyptic scenario, intricate malfunctioning open circuits, glittering light leaks, electromagnetic waves, blue glowing aggressive led eyes, zbrush, rhino 3 d, greeble skin, octane render, industrial design, trending on artstation, cyberpunk, dystopia tokyo ",a person wearing a red and blue mask . 
246,"a beautiful close - up of of a blond spanish man. high cheekbones. good bone structure. dressed in 1 9 4 0 s style., art by herb ritts, highly detailed, fine art, high detail, great lighting, 8 k resolution, masterpiece, clear eyes, soft lighting, hdr, 4 k, 8 k, hd ",a close up of a man with blonde hair . 
247,"a painting of a bloodborne character by kentaro miura, dark fantasy art, high detail, trending on artstation ",a painting of a man holding a sword in front of a castle . 
248,"whimsical sinister microscopic creatures sitting around inside a visceral human heart, dramatic lighting, trying to escape, surreal dark uncanny painting by ronny khalil, artstation ",a couple of bugs that are sitting in the grass . 
249,"a cosplay model in a latex bodysuit, fully clothed ",a woman in a black bodysuit is posing for the camera . 
250,"a renaissance portrait of will ferrell, art in the style of rembrandt!! intricate. ultra detailed, oil on canvas, wet - on - wet technique, pay attention to facial details, highly realistic, cinematic lightning, intricate textures, illusionistic detail, ",a painting of will ferrell as a man . 
251,"painted closeup of cute kitten running in the battlefield, exploding shells in the background. fantasy intricate elegant extremely detailed digital painting trending artstation concept art sharp focus illustration art by gustave courbet greg rutkowski craig mullins ",a painting of a cat walking in the sand . 
252,"a painting of deadpool by greg rutkowski, dark fantasy art, high detail, trending on artstation ",a painting of a man dressed in a deadpool costume . 
253,"lanky young half - orc warrior, art by artgerm and greg rutkowski and magali villeneuve, brownbuzzcut, d & d, fantasy, portrait, highly detailed, headshot, digital painting, trending on artstation, concept art, sharp focus, illustration ",a painting of a man with a beard looking angry . 
254,screenshot of a man with a baby's head trending on unsplash surreal unusual strange 4 k photorealism 3 2 k intricate unsplash weird unsplash hd unsplash hq ,a man with a bald head and a beard . 
255,"a river with a vortex of dramatically moonlit clouds. shadow and light. rays of light. energetic, dynamic, lively, detailed, intricate, complex. fine art by hayao miyazaki, akira toriyama, makoto shinkai, and ohara koson. studio lighting. tilt and shift lens. ",the sun is shining through the clouds on a cloudy day . 
256,"1 9 century, buddha temple interior, mystical view, darkness, perspective, jodhpurs greg manchess painting by sargent and leyendecker, studio ghibli, fantasy close shot asymmetrical intricate elegant illustration hearthstone ",a painting of two people sitting on the ground in front of pillars . 
257,lost beautiful overgrown city futuristic fantasy mixed with polluted industrial city transport hub full of people ,an image of a train station with a lot of trees 
258,"portrait of beautiful woman with magical nebula hair, maya ali mage, gloomhaven, dynamic lighting, gaudy colors, octane render aesthetic, matte painting concept art, official fanart behance hd artstation by jesper ejsing, by rhads and makoto shinkai and lois van baarle and ilya kuvshinov and rossdraws ",a couple of people that are standing next to each other . 
259,"this artist's concept is a cutaway illustration of the skylab space station with the command / service module being docked to the multiple docking adapter, 1 9 7 4 ",an image of a satellite in the sky above the earth . 
260,"new character from alita : battle angel, by yukito kishiro ",an illustration of a woman in a futuristic setting . 
261,"biohazard tsuyu asui bioshock art an ultrafine detailed painting, detailed painting, detailed eyes!!, final fantasy octopath traveler lovecraft ghibly ",an anime character with horns and green eyes . 
262,custard drawer ,a kitchen drawer filled with lots of food and condiments . 
263,earth ,a picture of the planet earth in the space . 
264,"3 d close - up swirly human skull!!! ram skull portrait!!! giant gladiola betta fish!! jellyfish phoenix fire energy flow, highly detailed. by wlop, tooth wu, greg rutkowski, alena aenami, beeple ",a painting of a skull with flames coming out of it . 
265,"1 9 century, indian ancient city in heart of jungle, jodhpurs greg manchess painting by sargent and leyendecker, studio ghibli, fantasy close shot asymmetrical intricate elegant illustration hearthstone ",a painting of a man sitting on the ground . 
266,"a fisheye lens shot on full - frame camera of a beautiful woman reaching out and laughing, intricate, hyper detailed, martine johanna, casey weldon, chie yoshi ",a woman with her mouth wide open in front of an image of flowers . 
267,"scottish highlands at dawn, matte painting loch reflections, contest winner, photorealistic, cinematic ",a body of water with a mountain in the background . 
268,"baroque closeup of a eyeball with many pupils by benoit b. mandelbrot, 8 k resolution ",an image of an eye in the middle of a picture . 
269,"3 d close - up swirly green tree frog moebius strip physics giant ceramic glass!! highly detailed. by wlop, tooth wu, greg rutkowski, alena aenami, beeple ",a close - up of a green frog 's eyes . 
270,a drunken man standing in a harbor in the style of disco elysium ,a man sitting on the ground holding a wine glass . 
271,"zoomed portrait of tin toy fuzzy kaiju moth dragons wearing armour in victorian london, nicoletta ceccoli, mark ryden, lostfish, hyung tae, frank frazetta, depth of field, detailed and intricate gothic environment, 8 k resolution, hyperrealistic, octane render ",an illustration of a robot with a dragon on its back . 
272,weirdest cute glowing critters in a forest cabin havin a tea party surreal art digital painting digital illustration style of hieronymus bosch style of salvador dali style of magic the gathering ,a painting of a group of animals sitting around a table . 
273,elsa frozen trash metal album ,a picture of elsa from the movie frozen . she is wearing a tiara . 
274,"rick and morty characters, the last supper by leonardo da vinci ",a painting of the last supper of jesus . 
275,"heavilly armored dwarven woman inside stony halls, dungeons and dragons, lord og the rings, dragon age, soft lighting, cinematic, proud and strong woman, sharp focus, highly detailed, intricate, masterwork illustration by jeff easley ",a painting of a woman in armor holding a sword . 
276,eagle with peacock feather wings hybrid mixed bird long flowing feathers detailed painting 4 k ,a painting of a bird with a large spread wing . 
277,"alien planet, colorful plantlife, overgrown, glacial lake, landscape photography by marc adamus, dramatic lighting, alien plants and trees, cold, beautiful, dramatic, ",a colorful painting of a tree in the middle of a lake . 
278,"[ bugs bunny ] as [ a muppet ], muppet! art style, trending on [ cgsociety ]!, artstation contest winner, [ 4 k ], intricate, [ portrait ]! ",an illustration of an animal wearing a suit and bow tie . 
279,"realistic portrait beautiful painting of japanese owl, normal bird feathers, wearing swag glasses. full body, fine art, trending on artstation, smooth draw, sharp focus, digital art, bright colors, fine draw, perfect lighting, high render, high resolution. ",a close up of an owl on a gray background . 
280,"li shang [ shirtless ]!!, trending on artstation, front view!!, portrait!!, contest winner, intricate, [ 4 k realism ]!!, oil painting by greg rutkowski, gaston bussiere, full body!! ",a painting of a man with no shirt on . 
281,"a full character painting of a grey seer skaven holding a ceremonial staff, rat person, vermintide, zdzislaw beksinski, lewis jones, dariusz zawadzki, wayne barlow, warhammer fantasy, cold hue's, warm tone gradient background, concept art ",an image of an evil looking creature with horns . 
282,"a a man playing an invisible cello to destroy demons, demons surround the man, spiritual emanations, ghosts, skulls, roses, rain, cafe setting, beautiful classical ornament, framed, tarot card, immense landscape, alpay efe, wlop, alessio albi ",a man standing in front of a statue of a man . 
283,[ bear ] eating [ a honey sandwich ]! sitting on a picnic blanket trending on artstation 4 k intricate cgsociety contest winner award winning digital art vibrantly radiant lighting bloom effect golden ratio vignette ,a teddy bear sitting in the grass holding a plate of waffles . 
284,"a serene landscape of a magical fantasy tower by ross tran, isometric, rhads, tim hildebrandt, cinematic lighting, extremely detailed, concept art, trending on artstation, behance hd, wide shot, clouds by phil koch ",an illustration of a castle on top of a hill . 
285,"beautiful regal blue chicken hen centered, artwork by james jean, hyper detailed realistic smooth polished porcelain, jean delville, art nouveau, gustav klimt, ornate copper patina gothic icon, james jean, ultrasharp hyperdetailed photorealistic octane render ",a painting of a blue rooster standing on a brown background . 
286,"anime. cell shader. close - up goldfish - themed space ship traveling through nebula, in the style of macross, soft ambient light. high definition. high detail. 8 k wallpaper. backdrop of galaxy. cinematic lighting. cinematic perspective. cinematic color. theatrical. ",an orange fish is swimming in the water . 
287,"mysterious detailed cgi matte painting of a ciara the space empress of the andromeda, by ellen jewett, alessio albi | symmetrical features, photorealism, stunning, ornate, royally decorated, organic, growth, whirling gasses, glowing particles, refractive adornments, colorful torn nebulas, radiant vibrant colors ",an image of an angel in the sky . 
288,"wanda maximoff splash art graphic design color splash high contrasting art, fantasy, highly detailed, art by greg rutkowski ",a painting of a woman in a red and blue dress . 
289,"biohazard portrait of raymond lee francis, au naturel, hyper detailed, digital art, trending in artstation, cinematic lighting, studio quality, smooth render, unreal engine 5 rendered, octane rendered, art style by klimt and nixeu and ian sprigger and wlop and krenz cushart ",a close - up of a man 's face in a painting . 
290,"synthwave symmetric frontal view digital portrait nanopunk space pirate, biorobotic legendary thief, epic apex legends concept, retro futuristic skull vr helmet prototype cyberware, beksinski mohrbacher shirow, sharp focus, realistic scifi masterpiece, cinematic natural light, highly intricate details, 8 k, hdr, octane render ",an image of a skull in a cyberpunk style . 
291,"a sketch drawing of a hamster in a fruit basket, ",a drawing of a hamster in a basket with apples . 
292,rod serling floating in the twilight zone ,a man in a suit and tie in front of an abstract background . 
293,"oil matte portrait, a man wearing brown rags clown wig clown nose holding a big shoe. digital painting, fantasy, concept art, cinematic colors, realistic shaded. by ilya kuvshinov, magali villeneuve, artgerm, greg rutkowski ",a man standing in a room holding a whip . 
294,marine le pen still from midsommar ,a woman holding a gun while standing next to a man . 
295,"symmetry! a detailed close up portrait of a young man with brown long hair, shirtless, unreal engine, fantasy art by greg rutkowski, loish, rhads, ferdinand knab, makoto shinkai and lois van baarle, ilya kuvshinov, rossdraws, tom bagshaw, caustic lighting, detailed and intricate environment ",a painting of a young man with long hair . 
296,"an evil angry llama behind bars, red lighting, atmospheric, bokeh ",a llama with horns is behind bars in a cage . 
297,"big trouble in little china surrounded by starlight, moon behind him, chinese fantasy, intricate, elegant, hyper detailed, ultra definition, photoreal, artstation, unreal engine rendered, concept art, smooth, sharp focus, illustration, art by artgerm and pendleton ward and alphonse mucha and garis edelweiss ",a painting of a bunch of different people . 
298,"epic 3 d, wild cables spiraling, plum and teal peanut butter melting into circuitboards and trees, liquid, bubbles, crystals, houdini sidefx, artstation trending, by jeremy mann, jamie hewlett and ilya kuvshinov ",an underwater view of a bunch of tangled wires . 
299,"lizard people and mark zuckerberg kissing feet of their dolphin overlord, artstation, detailed digital art ",a blurry image of a person in a purple outfit . 
300,beautiful portrait of a cat wearing long tailored coat and boots with a pirate hat by rembrandt ,a painting of a cat wearing a hat . 
301,"anthro - lynx, human with head of lynx, trending on artstation, concept art ",a close - up of the face of a lynx . 
302,"a black and white pencil drawing of a person being taken apart in an isometric cube, projections of the cube to all sides, detailed intricate realistic drawing, thick lines ",a drawing of a person standing on top of a building . 
303,"rocket blasting off from mars, by moebius and geof darrow, detailed, fractal, cinematic ",an artistic drawing of an alien ship in the desert . 
304,"epic, grand, yosemite amusement park ",a large ferris wheel that is in the middle of the day . 
305,"light souls by fromsoftware, cheerful, healing, spiritual, colorful, fantasy landscape, castle, healer, paradise, heaven, masterpiece, highly detailed, 4 k, concept art, beautiful, artstation ",a painting of a castle in the middle of a field . 
306,"god of gold, sculpted in shining ebony, bust, rococo, in the style of moebius, artstation, greg rutkowski, artgerm, rockwell, wlop, tom bagshaw, and waterhouse, purple skin, perfect face, expressive eyes, sharp focus, cinematic lighting, beautiful, elegant, oil painting, ",a statue of a woman 's face with earrings . 
307,"donald trump as a fat geralt of rivia from the witcher movie, dramatic film still, close - up, details, sigma 7 5 mm, 8 k ",a close - up of a person wearing a wig and makeup . 
308,"hybrid animal cross between lion cub and fluffy tabby kitten, cute, long fur, background of peacock feathers, detailed magical realism painting 4 k - n 4 ",a close up of a baby lion cub with a feathery mane . 
309,"imogen poots as paladin, greg manchess painting by sargent and leyendecker, fantasy, pastel academia colours, medium shot, asymmetrical, beautiful eyes, elegant, matte painting, illustration, gloomhaven, by greg rutkowski, by greg tocchini, by james gilleard, by joe fenton ",a painting of a woman with hands clasped together . 
310,"happy birthday, summer field, flowers, danish cookies, ancient manuscript, nordic pastel colors, perfect lightning ",a field full of pink and purple flowers . 
311,walter white in a black trench coat swimming in an ocean of cash ,a man in a black jacket with a white beard . 
312,"photo environement cyberpunk stair : 4, 4 k rtx hdr volume light concept studio matte painting environement digital illustration style cyberpunk 2 0 7 7 artstation artur tarnowski, mihai muscan, marcin tomalak, marta leydy, marcin stepien, charlotte hughes, zuzanna dabrowa neon bioluminiscence ",an image of an empty room in a futuristic setting . 
313,the royal king's caw bird by greg hildebrant fancy rococo baroque regal oil painting high quality award winning clothed in fancy garb ,an oil painting of a woman in a red dress . 
314,"a completely made of wood, real - world sculpture bust of the mandolorian star - wars character, made of highly polished walnut wood, polished, cedar, polished tiger - wood. photograph, photographic, 3 5 mm ",a close - up view of a wooden helmet . 
315,"fox animal stood next to a limousine, award winning photograph ",a fox standing in front of a car on the side of the road . 
316,lifelike manga ; poster ; key visual ; cinematic ; trending on artstation ; fairy ; childlike face ; light blue eyes ; tan skin ; long straight red hair ; large butterfly wings ; photorealistic ,a close - up of a child 's face with blue eyes . 
317,"a parade of disconnected images : a tragic supernova, a quantum nebula, a painting by giorgio de chirico, a black hole full of color. ",a painting of a spiral galaxy in space . 
318,"whimsical bioluminescent glowing creatures swimming around a moist glistening visceral human body, dramatic lighting, trying to escape, surreal dark uncanny painting by ronny khalil ",a group of people in a pool of water . 
319,"restaurant street night, beautiful landscape, dreamy, environment, colors, film, dramatic, cinematic, highly detailed, mid day, large scale, realistic lighting, octane render, by wlop, artgerm, by vladimir motsar, high quality, trending on artstation, hd, 8 k, clear, sharp ",a painting of a crowd of people walking on a street . 
320,"whimsical bioluminescent glowing plankton creatures sitting around a moist glistening visceral human body, dramatic lighting, trying to escape, surreal dark uncanny painting by ronny khalil ",a group of people sitting on the ground in the dark . 
321,photo of a surreal pool room ,a room with a pool table and a wall mural . 
322,"the pilot at the helm of the plane drinks tea from a mug, in the porthole the planet saturn in space, sketch a pen ",a drawing of a person in a spacesuit . 
323,"church of satan in los angeles, photorealistic rendering, concept art, dynamic lights and shadows, volumetric lighting, golden ratio, cine still, movie still ",an image of an empty church with a cross in the background . 
324,"live show of at the eurovision song contest, photography ",a yellow spray gun is spraying water on purple plants . 
325,"portrait of angel, robot steampunk, floral! horizon zero dawn machine, intricate, elegant, highly detailed, ray tracing, digital painting, artstation, concept art, smooth, sharp focus, illustration, art by artgerm and greg rutkowski and alphonse mucha, 8 k ",a woman with a lot of mechanical parts around her neck . 
326,"chicken, with squirrel ears, pigs feet, photo ",a wooden bowl with three chicken legs and a bunch of greens . 
327,"a realistic man made of cheese screaming, extremely detailed, photo, trending on artstation, 8 k, - w 7 6 8 ",an animated face of a man with yellow teeth . 
328,"a mechanical human arm reaching out of the earth, covered in flowers and vines. rays of light shinning down, dust specks, octane render ",a person riding a bike through a lush green forest . 
329,crying at a rave ,a group of people with their mouths open . 
330,"fantasy oil painting, robotic troglodyte in a cave, as a dnd character, surrounded by stalagmites, cottagecore, extremely detailed, book cover illustration, concept art, readability, impasto, sharp focus, art by brothers hildebrandt ",an image of an artistic painting of a cave . 
331,"tarot card design featuring hawks, extremely detailed, high quality, ",a drawing of a person with a bird on it . 
332,"an anatomically correct cybertronic human heart, biomechanical, made of metal, reflective ",an illustration of a human heart and its branches . 
333,artwork by mrrevenge ,a painting of a woman with a black dress on . 
334,"cyberpunk coral cyborg cat jellyfish, highly detailed, digital painting, trending on artstation, concept art, sharp focus, illustration, art by artgerm and greg rutkowski and magali villeneuve ",a painting of a robot arm with a pink background . 
335,"portrait character design a young cute fluffy panda character, style of maple story and zootopia, 3 d animation demo reel, portrait studio lighting by jessica rossier and brian froud and gaston bussiere ",a series of panda bears in different poses . 
336,vintage minimalistic clean skull with fire flame enamel pin ,a pin with a skull on it with flames on it . 
337,"cologne cathedral sourrounded by city, birds eye view, night, landscape, sky, volumetric lighting, 8 k octane beautifully detailed render, post - processing, extremely hyper - detailed, intricate, epic composition, intricate, trending on artstation, stunning art by frazetta, wonderful masterpiece by karine villette ",an aerial view of a city at night with lights . 
338,"cartoon female character inspired by harley quinn and star butterfly, artwork by studios ghibli and rossdraws ",a girl with blonde hair holding a microphone in her hand . 
339,"created with character creator 4, ",a woman is standing in front of a curtain . 
340,a michelin restaurant filet mignon with fresh vegetables and a glass of red wine ,a close up of a piece of meat on a plate . 
341,"toucan as nendoroid flying in a jungle in the croods movie style, anime, disney, pixar, 8 k, hd, dof, kodak film, volumetric lighting, subsurface scattering, photorealistic, octane render, details ",a couple of birds sitting on top of a tree branch . 
342,"white and brown mothman female by greg rutkowski, big winged ",an angel is flying through the air . 
343,"highly detailed 8 k la pieta medium shot painting of catholic veilded transparent ladies with rotting skeleton still life, lawrence alma - tadema, slime, artstation, special effects makeup, 1 9 th, maximalist, masterpiece, glittering, gold, ivory, hyperreal, golden ratio, alphonse mucha, mythological ",a blurry image of a person sitting on a chair . 
344,"low - fi analog photography. liminal space, aquarium interior. cheap tv film set. nonsensical. ",a room with two television monitors on the wall . 
345,"ultrarealistic ultradetailed medium shot disassembled replicant on a metal slab table, transparent skin, skeleton still life, nervous system, steampunk internal organs, greg rutkowski, peter gric, immerse, 1 9 th, special effects makeup, maximalist, glittering, gold, ivory, hyperreal, golden ratio, alphonse mucha ",a blurry picture of a person in a brown jacket . 
346,a grumpy skull ,a drawing of a skull on a pink background . 
347,"cute fluffy baby llama rabbit lion hybrid mixed creature character concept, with long flowing mane blowing in the wind, wearing headdress of tribal peacock feathers and flowers, detailed painting, renaissance, 4 k ",a painting of an animal wearing a feather headdress . 
348,"cloud explosion, multicolor color scheme, by ian fisher, jesper ejsing and peter mohrbacher and marc simonetti and brom and alphonse mucha and james gurney and jean leon gerome, coloreful, highdetailed, drawing, oilpainting ",a painting of a sky filled with lots of clouds . 
349,"detailed ultra - realistic graphic novel illustration of a dystopian street scene by edward hopper and gregory crewdson, cinematic, muted colors, cinematic fog, full shot, george adult, carel willink, ian miller, wayne barlowe, greg rutkowski, norman rockwell ",a painting of two people looking out of a window . 
350,"a retrofuturistic anatomically correct brain made of metal, biomechanical, cybertronic, dark eye ",a drawing of a human head with a red helmet on it . 
351,"a beautiful matte painting of a cyberpunk environment with an intercontinental spacex falcon 9 heavy launch, trending on artstation, unreal engine, high quality, highly detailed ",an image of a city with a rocket in the middle of it . 
352,watercolor by liu yi ,a watercolor painting of trees in the middle of a snow covered field . 
353,"a low - fi analog color photograph. liminal space, burgess shale cambrian sea creature museum exhibit. strange, nonsensical, unsettling, dreamlike, infinite. ",a large rock sitting on top of a table . 
354,"placid lake of mirrors, shattered glass fractured textures, mirrored reflections, cinematic, filmic, realistic, stormy, ominous, portal, forest, kaleidoscope, hexagonal columns ",a painting of trees reflected in a body of water . 
355,"robots creating new robots in a factory line, oil painting by justin gerard, deviantart, warm colors ",a painting of a room filled with lots of robots . 
356,"magnesium woman, highly detailed, portrait, digital painting, trending on artstation, concept art, sharp focus, illustration, art by artgerm and greg rutkowski and magali villeneuve ",a black - and - white photo of a woman 's face . 
357,oil painting by delacroix of a horse frightened by a thunderstorm. ,a painting of two horses running in a field . 
358,"fantasy art, armored fox, heavy armor, artstation, amazing fantasy art, award winning, trending ",a painting of a red fox wearing a suit of armor holding a sword . 
359,"jefferey epstein as a patron saint, devotional art, renaissance painting, fra angelico ",a painting of a jesus christ with open arms . 
360,weirdest cute glowing critters in a forest cabin havin a tea paerty surreal art digital painting digital illustration style of hieronymus bosch style of salvador dali style of magic the gathering ,there are many animals that are sitting around a table . 
361,"la pieta ultrarealistic ultradetailed medium shot painting of slimy catholic veiled transparent reanimated bride with skeleton still life, nervous system, mechanical heart, greg rutkowski, peter gric, immerse, 1 9 th, special effects makeup, maximalist, glittering, gold, ivory, hyperreal, golden ratio, alphonse mucha ",a blurry image of a person standing in front of a wall . 
362,"stone carn inside a glass jar buried in sand, intricate detail, hyper detailed, ultra realistic, sharp focus, octane render, lantern, volumetric, ray tracing, sense of awe, swirling mist 4 k ",a glass jar with a light inside of it . 
363,"a woman sitting on a couch with her hand on her chin, a character portrait by annabel eyres, featured on cg society, les automatistes, studio portrait, chiaroscuro, ultrafine detail ",an older woman looking to her left . 
364,"cloth, fabric, joghpurs, tatar, hyperborea, woman industrual traveler, dainty renaissance portrait by michael garmash, greg rutkowski, gaston bussiere, rhads, craig mullins ",a painting of a beautiful woman with long brown hair . 
365,"cvs, walgreens and walmart must pay $ 6 5 0. 5 million in ohio opioids case ",a shelf filled with red and white containers of paint . 
366,anthropomorphic grey tabby cat and solid black cat sitting together looking at view of toronto city detailed painting 4 k ,two cats sitting on a bench looking out at the ocean . 
367,"a portrait painting of a buck in suit, in the style of anime, humanoid, anthropomorphic, personify, trending on artstation ",a painting of a deer wearing a suit . 
368,"retro futurist floating supermassive space settlement concept art, cinematic vintage 7 0 s anime comic book illustration by bruce pennington, by jean giraud, by syd mead ",an illustration of a space ship flying through the sky . 
369,"a portrait of girl oni fantasy, dungeons and dragons, an ultrafine detailed painting, detailed painting, boris valejo. octopath traveler decal!!! ",a blurry picture of a purple background . 
370,garry's mod ,an image of an open grassy field with flowers . 
371,movie still of a 9 0 s sitcom about ancient egypt pharaohs ,a group of people sitting around a table . 
372,a man in old - fashioned attire making his way waist - deep in an infinite sea of crimson blood. many human corpses floating in the red liquid. cadavers everywhere. pitch black empty sky. masterpiece horror painting by richard corben and antoine blanchard ,a painting of a man holding a gun . 
373,"a painting of a portrait of yennefer of vengerberg by greg rutkowski, dark fantasy art, high detail, trending on artstation ",a painting of a beautiful woman in a black dress . 
374,realistic anime ; style of official oshi no ko artwork ; poster ; key visual ; cinematic ; trending on artstation ; fairy ; round face ; large luna butterfly wings ; light blue eyes ; tan skin ; long straight red hair ; ,a close - up of a girl with blue hair . 
375,"recruiting poster of chess board, clean cel shaded vector art. shutterstock. behance hd by lois van baarle, artgerm, helen huang, by makoto shinkai and ilya kuvshinov, rossdraws, illustration ",a man standing next to a chess board . 
376,"portrait of an guy using powerful psychic powers, straight on, by artgerm, tom bagshaw, gerald brom, vaporwave colors, vaporwave, 4 k, hd, daz studio, daz studio render, ",a painting of a man in a white shirt and white pants . 
377,a little furry boy ,a small dog sitting on the ground looking at the camera . 
378,"fox wearing a tie in a dark alley gameplay still frame, amstrad, contrast, deep focus, turnaround, highly detailed, dramatic lighting, digital painting, artstation, concept art, matte, sharp focus, greg rutkowski, moebius, illustration. ",a man walking down a street holding a bag . 
379,"saoirse ronan, blonde hair, wearing silver medieval armour, portrait, oil painting by titian, hard focus, hyperrealistic ",a painting of a woman wearing a suit of armor . 
380,"national geographic photo of wizard's tower, award winning, professional photography ",an old lighthouse on top of a grassy hill . 
381,"a marble sculpture of the last supper, intricate details, depth of field, cinematic lighting, hellenistic, masterpiece ",a group of statues that are sitting in front of a table . 
382,"a portrait of girl demoness fantasy, dungeons and dragons, an ultrafine detailed painting, chibi, detailed painting, boris valejo. octopath traveler decal!!! ",a woman with red eyes is standing in front of a waterfall . 
383,this image will make you fall asleep ,two people are sleeping on a white bed . 
384,"a portrait of an ape portrait, cute and adorable, pretty, beautiful, art portrait, matte fantasy painting, deviantart, super detailed eyes, super detailed, nose, super detailed, eyes, artstation, by jason felix by steve argyle by tyler jacobson by peter mohrbacher, cinematic ",a painting of four different types of monkeys . 
385,"photograph of a stone cairn in scotland, starry night, leica summilux 2 4 mm lens, iso 1 0 0, f / 8, portra 4 0 0, award winning ",a stack of rocks in the middle of a grassy field . 
386,"a bokeh photo of a zombie hitman with a loaded silencer gun, documentary film, an ultrafine detailed painting by james jean, cgsociety, figurative art, detailed painting, dystopian art, high detail greg rutkowski and andreas rocha, tristan eaton, victo ngai, artgerm, rhads, ross draws ",a man holding a gun in his hands . 
387,"concept art of translucent glowing curvy buxom brown fairy dancing, renaissance, flowy, melting, round moons, rich clouds, very detailed, volumetric light, mist, fine art, textured oil over canvas, epic fantasy art, very colorful, ornate intricate scales, walls and floor of cave made of skulls, fractal gems, 8 k, hyper realistic ",an image of a woman in a dress dancing . 
388,"a gauguinesque, kitchen oil painting of pink flowers on a table top and a silver vase by edouard vuillard, flickr, cloisonnism, fauvism, studio portrait, painterly ",a painting of pink flowers in a red vase . 
389,"photo cartoon illustration painting of small sci - fi machine shop in a shipping container, sci - fi, cyberpunk, neon lighting, noir, digital painting, intricate detail, machines! unreal engine, 8 k, volumetric lighting, octane render ",a painting of an old television set shop . 
390,"nordic mire, a sculpture of a 1 9 th century woman working, scenic sunrise, hdr, photorealism, mist, enchanting scenery, nikon d 8 5 0, wide lens, sigma 5 5 ",a statue of a man holding a gun in a field . 
391,"a portrait of girl chronomancer glass jewelry padlocks fantasy, dungeons and dragons, an ultrafine detailed painting, chibi, detailed painting, boris valejo. octopath traveler decal!!! ",a woman with long black hair wearing a purple dress . 
392,a portrait painting of alice turnes ,an oil painting of a woman in a black dress . 
393,caravaggio oil landscape painting of a bat going though the portal to the underworlds ,a painting of an animal and a person in a cave . 
394,"drunken pig rolling down hill into meticulously placed bowling pins, a strike! ",a pig standing on its hind legs in front of a brick wall . 
395,five ,a group of people standing next to each other in front of a wall . 
396,"a portrait of girl alchemist in blue dress, witch hat, gold magic book, gold magic explosion, gold magic, magic circle, fantasy, dungeons and dragons, an ultrafine detailed painting, chibi, detailed painting, boris valejo. octopath traveler decal!!! ",a girl in a wizard costume holding a coin . 
397,"an elaborate staircase painted by a master artist, detailed, unreal engine, 4 k octane render, raytracing, volumetric lighting, epic, shadows, reflections, massive structures ",an ornate staircase in an old building with a clock . 
398,"joan of arc at the club, by greg rutkowski gaston bussiere craig mullins ",a woman in a white dress holding an umbrella . 
399,a blissful african wild / painted dog pup eating and licking his graham crackers ( that i just tossed him ) : a good boy ,a spotted hyaena standing on a dirt field . 
