,prompt,clip_inter
0,"classic oil painting, sci fi beautiful landscape, environment, colors, film, dramatic, cinematic, highly detailed, mid day, large scale, hyperrealistic, realistic lighting, octane render, by wlop, artgerm, trending on artstation hd, 8 k, clear, sharp ","['a man standing on a rock in a mountain valley', ' 8 k matte painting', ' 8k matte painting', ' matte fantasy painting', ' 4 k matte painting', ' luminescent matte painting', ' high fantasy matte painting', ' 3d rendered matte painting', ' beautiful mattepainting', ' matte sharp painting', ' fantasy matte painting', ' digital matte painting', ' sci - fi landscape', ' sci-fi landscape']"
1,"3 panel scene, anime girl sleeps inside a cozy dark room - dramatic cozy arts by wlop and okuda genso. wide angle lens. featured on pixiv, anime aesthetic. pixiv, warm aesthetic, rays of light, volumetric light, artstation, vanitas, official art, gothic, noise film photo. octane render, redshift render, ue 4 ","['a group of people laying on top of a bed', ' guweiz', ' artwork in the style of guweiz', ' guweiz masterpiece', ' guweiz and makoto shinkai', ' guweiz on pixiv artstation', ' soft anime illustration', ' zerochan art', ' guweiz on artstation pixiv', ' anime wallaper', ' anime wallpaper', ' pixiv']"
2,"art by brian reedy, a beautiful black ink linocut print of a giant cacti forest, 8 k, frostbite 3 engine, cryengine, ground level shot, trending on artstation, digital art, crepuscular ray ","['a black and white photo of a person in a desert', ' black and white illustration', ' cacti', ' saguaro', ' cacti everywhere', ' new mexican desert background', ' saguaro cacti', ' cactus', ' high contrast illustrations', ' an illustration', ' inspired by Lotte Reiniger', ' robotic cactus design', ' patchy cactus', ' peyote cactus desert', ' illustration‚Äù', ' inky illustration', ' line art illustration']"
3,a portrait painting of ulysses yen ,"['a painting of a man with glasses and a mustache', ' inspired by Ramon Casas i Carb√≥', ' inspired by J√≥zsef Rippl-R√≥nai', ' inspired by Th√©ophile Steinlen', ' portrait in the style of craola', ' portrait of sigmund freud', ' inspired by Stanis≈Çaw Tondos', ' tonalist portrait', ' inspired by Hugo Simberg']"
4,an modern brazilian hotel lobby ,"['a lobby with a chandelier and red couches', ' brightly lit - style atmosphere', ' luxurious indoor setting', ' indoor setting', ' luxurious environment', ' interior photography', ' atrium', ' bright vivid lighting', ' interior', ' vibrant atmosphere', ' confortable atmosphere', ' lounge', ' full - view', ' hotel', ' inside a grand', ' bright lit interiors', ' warm lighting inside', ' warm lighting interior', ' with dramatic lighting', ' thumbnail']"
5,"cute fluffy lion cheetah hybrid mixed creature character concept, with long flowing fur blowing in the wind, wearing headdress of tribal peacock feathers and flowers, detailed painting, renaissance, 4 k ","[""a painting of a lion's face with a long mane"", ' with the mane of a lion', ' the mane of a lion', ' lion head', ' half lion', ' digital art animal photo', ' lion mane', ' lion warrior', ' portrait of a lion', ' face of an lion', ' aslan the lion', ' lionardo davinchi', ' lion', ' hard predatory look', "" lion's mane""]"
6,"a rat kitten, with rat face and cat body, photo taken by a nikon, sharp focus, highly detailed ","[""a close up of a cat on a person's hand"", ' hybrid of mouse and cat', ' mouse face', ' mouse photo', ' elokitty', ' closeup of an adorable', ' mouse', ' pet rat on shoulder', ' cute cat photo', ' an anthropomorphic rat', ' miniature kitten', ' cutest', ' photo of a cat', ' an adorable kitten', ' cuteness', "" disney's bambi cat""]"
7,white chocolate glazed donut with strawberries on a plate with a cup of coffee ,"['a donut with strawberries on a plate next to a cup of coffee', ' blender donut', ' high quality food photography', ' made of glazed', ' donut', ' food photography', ' close up food photography', ' styled food photography', ' next to sliced strawberries', ' glazed', ' professional food photography', ' 4k polymer clay food photography', ' pastries', ' 4 0 9 6', ' pastry', ' jovana rikalo']"
8,"potrait of cross between donald trump and joe biden laughing, menacing teeth, zdzislaw beksinski, lewis jones, dariusz zawadzki, wayne barlow, 4 k, ultra - high - definition, cold hue palette ","['a man with his mouth open and his teeth wide open', ' evil insane smiling laugh', ' mad grin', ' evil crazy laugh', ' evil laugh', ' laughter and screaming face', ' insane crazy laugh', ' laughing man', ' wide evil grin', ' grin', ' evil grin', ' fantasy art smug smile man', ' horrifying grin. horror', ' insane smile', ' hyper realistic absurd', ' evil villain grin', ' laughing', ' (grin)']"
9,"photo illustration comics painting of small scifi machine shop in a shipping container, scifi, cyberpunk, neon lighting, noir, digital photography, intricate detail, unreal engine, 8 k, volumetric lighting, artstation hr giger gustave dore ","['a room filled with lots of different types of equipment', ' scifi room', ' ornate cyberpunk interior', ' cyberpunk setting', ' scifi junkshop', ' cyberpunk interior', ' sci - fi interior', ' cyberpunk basement', ' sci fi engine room living room', ' in a cyberpunk themed room', ' cyberpunk childrens bedroom', ' cyberpunk garage on jupiter', ' like a cyberpunk workshop', ' the cyberpunk apartment', ' cyberpunk apartment', ' cyberpunk teenager bedroom']"
10,"a beautiful and highly detailed digital painting of an alien pyramid made of stone bricks in the distance, a lush forest on an alien planet, psychedelic patterns, psychedelic plants and trees, intricate details, epic scale, 8 k, sharp focus, photorealism, artstation, cgsociety, by caspar friedrich, albert bierstadt, james gurney, alex grey, zeen chin, ","['a painting of a man standing in front of a pyramid', ' ayahuasca', ' beeple and jean giraud', ' the ayahuasca spirit', ' ayahuasca ceremony', ' ancient alien jungle', ' dmt temple', ' psytrance artwork', ' dmt art', ' tim white art. 64 megapixels', ' epic shamanic dmt art']"
11,"the squid wearing a santa costume, christmas themed winter background, lobster claws, santa beard, by greg rutkowski and frank frazetta, intricate, artstation, vibrant, cinematic, style of magic : the gathering ","['a painting of a santa claus with a spider on his shoulder', ' by maxim verehin', ' sergey kolesov', ' by Krzysztof Boguszewski', ' santa claus', ' alex andreev', ' by Igor Kufayev', ' by Slawomir Maniak', ' by Anton Fadeev', ' by Ludwik Konarzewski Jr']"
12,"the large cresting waves, dark sky, evoke a sense of wonder, pronounced waves, victo ngai, kilian eng, leonardo da vinci, flat ","['a painting of a wave in the ocean', ' vaporwave surreal ocean', ' vaporwave ocean', ' cresting waves and seafoam', ' rippling oceanic waves', ' green ocean', ' foamy waves', ' ocean waves', ' waves', ' sea waves', ' large waves', ' ocean wave', ' soaring waves', ' detailed sea', ' laurent durieux', ' waves of energy', ' green sea', ' azure waves of water']"
13,"dramatically lit, intricate fractal marble sculpture of an ancient, weathered, mossy tortoise ","['a small turtle sitting on top of a rock', ' aged turtle', ' tortoise', ' world-bearing turtle', ' focus on giant tortoise', ' turtle', ' anthropomorphic turtle', ' smooth carapace', ' extremely detailed and lifelike', ' an anthropomorphic turtle', ' super detailed picture', ' great leviathan turtle', ' carapace', ' as an anthropomorphic turtle', ' the mock turtle']"
14,"teacher villainess, dreamworks official character design sheet turnaround, studio, best on artstation, 4 k hd, by nate wragg ","['a woman in a white shirt and yellow pants', ' 3 d character reference sheet', ' character model sheet turnaround', ' animation character', ' stylized character design', ' reference model sheet', ' character model sheet', ' character turnaround', ' character posing for concept art', ' stylized character', ' character concept model', ' full body character concept', ' fullbody shot turnaround', ' character design for animation', ' model sheet']"
15,"house of the dragon, beautiful landscape, dreamy, environment, colors, film, dramatic, cinematic, highly detailed, mid day, large scale, realistic lighting, octane render, by wlop, artgerm, by vladimir motsar, high quality, trending on artstation, hd, 8 k, clear, sharp ","['a fantasy castle on a cliff with a mountain in the background', ' 4k fantasy art', ' epic fantasy digital art style', ' 8k fantasy art', ' 4k highly detailed digital art', ' detailed fantasy digital art', ' epic fantasy digital art', ' andreas rocha style', ' epic fantasy artwork', ' unreal engine fantasy art', ' fantasy epic digital art', ' 8k stunning artwork']"
16,"a painting of the cosmic nebula whale by salvador dali, dark fantasy art, high detail, trending on artstation ","['a painting of a whale and a whale floating in space', ' galaxy whale', ' science fantasy painting', ' space whale', ' sky whales', ' epic surrealism 8k oil painting', ' surreal space', ' space magical whale', ' tentacles in universe', ' painting of a dreamscape', ' astral plane', ' in the astral plane ) ) )', ' whirling nebulas', ' science fiction painting', ' cosmic horror painting']"
17,photograph of donald trump's human skin beginning to crack. ,"['a black and white photo of a man in a suit and tie', ' photo of donald trump', "" donald trump's face"", ' portrait of donald trump', ' donald trumps sexy face', ' portrait of trump', ' handsome donald trump', ' donald trump face', ' donald trump', ' donald trump ‚Äô s face', ' with donald trump', ' donald trump crying', ' president donald trump', ' looking this way']"
18,a vintage minimalistic laughing skull with a wide smile warning patch ,"['a patch with a skull and a top hat on it', ' patch design', ' patch logo design', ' patch logo', ' zippered opening in skull', ' mustache and soul patch', ' silicone patch design', ' shoulder patch design', ' skull clown', ' death skull', ' custom', ' full product shot', ' skullish', ' spooky cartoon skull', ' detailed image', ' voodoo hat', ' single aztec skull', ' skull head']"
19,armored combat macaw ,"['a colorful parrot perched on a branch of a tree', ' colorful plumage', ' very colourful', ' parrot', ' ethereal macaw', ' highly colorful', ' vivid colors!', ' vibrantly colored', ' wonderfully colorful', ' beautiful and colorful', ' vivid colors!!', ' blue arara', ' tropical birds', ' colorful birds', ' vibrant vivid colors', ' colorful hd picure', ' vivid vibrant colors', ' vibrant and colorful']"
20,"closeup profile portrait of a tin toy cat dressed as a victorian gent, nicoletta ceccoli, mark ryden, lostfish, max fleischer, hyper realistic, artstation, illustration, digital paint, matte paint, vivid colors, bright, cheerful, detailed and intricate environment ","['a cat wearing a top hat and bow tie', ' cat wearing a top hat', ' mark ryden highly detailed', ' mark ryden in the style of', ' anthropomorphic cat', ' style of mark ryden', ' mark ryden style', ' cat with a hat', ' elegant cat', ' andy catling', ' by Mark Ryden', ' steampunk cat', ' benjamin lacombe']"
21,a man in old - fashioned attire walking waist - deep in an infinite sea of crimson blood. many human corpses floating in the red liquid. pitch black sky. stunning horror painting by richard corben and antoine blanchard ,"['a man standing in a field of red flowers', ' inspired by Arkhip Kuindzhi', ' beksi≈Ñski', ' artstyle zdzis≈Çaw beksi≈Ñski', ' in style of zdzis≈Çaw beksi≈Ñski', ' zdzislaw beksi≈Ñski', ' beksinski masterpiece']"
22,"a painting of 2 d from gorillaz by greg rutkowski, dark fantasy art, high detail, trending on artstation ","['a blurry image of a man with a pink bow on his head', ' 2 d gorillaz', ' avatar image', ' stylized portrait h 1280', ' lofi portrait', ' 2 d concept art head macro shot', ' 2d art', ' 2 d art', ' pouty look :: octane render', ' gorillaz art', ' stylized portrait', ' murdoc niccals']"
23,"minecraft avatar of h. p lovecraft, block photo of author lovecraft ","['a black and white picture of a man with a tie', ' stencil art', ' ascii art', ' hp lovecraft', ' hp lovecraft style', ' julian opie', ' zoomed out portrait of a duke', ' d. b. cooper', ' drawn in a neo - noir style', ' graphic detail', ' h. p. lovecraft', ' fritz lang', ' h. p lovecraft']"
24,"yogsothoth soggoth azathoth, intricate coherence translucent, evil tentacles, long twisted nebula fog - mist galaxy dead eyeballs, random decor of necro blast, psycho colors veins, realistic flavor, twisted sorrow fade soft, award winning photoshoot, wicked lovecraft drip ","['a blurry photo of a bunch of flowers', ' colorful alien flora', ' some background blur', ' neon flowers', ' glowing neon flowers', ' stylistic blur', ' vivid glowing colors', ' blurry background', ' glowing flowers', ' blur background', ' heavy jpeg artifact blurry', ' soft focus blur', ' alien flowers', ' background blur', ' blurry image', ' deblur', ' lsd visuals', ' mutated flowers']"
25,halle berry's face made of berries ,"['a close up of a person wearing a dress', ' halle berry', ' stunning art', ' intense smoldering', ' with high cheekbones', ' inspiring', ' prominent cheekbones', ' smoldering', ' imposing', ' ny', ' big cheekbones', ' stunning image', ' most beautiful woman on earth', ' beautiful face!!!!', ' cheeky!!!', ' beautiful look', ' gorgeous woman', ' stunning photo', ' great likeness', ' inspiration']"
26,"3 d close - up swirly neutron start god moebius strip physics giant gladiola ceramic glass!! betta fish! jellyfish phoenix fire energy flow, highly detailed. by wlop, tooth wu, greg rutkowski, alena aenami, beeple ","['a digital painting of a woman holding an apple', ' digital artwork 4 k', ' digital art 4k', ' digital art 4 k', ' 8k hd wallpaper digital art', ' 4k highly detailed digital art', ' beautiful art uhd 4 k', ' digital art 8k', ' digital art 8 k', ' vibrant digital painting', ' digital art 4k unsettling', ' 4k detailed digital art']"
27,"photo of futuristic cyberpunk geometric diamond subway station tunnel, diamond and black metallic dungeon aesthetic, cinematic lighting, photorealistic, octane render 8 k depth of field 3 d ","['an empty room with a lot of lights on the ceiling', ' dramatic lighting sci fi', ' futuristic environment', ' volumetric lighting futuristic', ' sci - fi interior', ' futuristic laboratory', ' futuristic hall', ' futuristic dramatic lighting', ' futuristic. game cg', ' futuristic lighting', ' inside a futuristic army base', ' sci - fi environment', ' scifi environment', ' futuristic scientific laboratory', ' inside futuristic hangar', ' futuristic setting']"
28,"an epic artistic colourful natural scene on an alien planet. organic weird landscape. beautiful very detailed artistic digital artwork by vincent bons, michael whelan, remedios varo and gerardo dottori. grainy and rough. interesting pastel colour palette. beautiful light. oil and water colour based on high quality render. trending on artstation. ","['a painting of some strange plants in a field', ' alien trees', ' inspired by tomasz alen kopera', ' surreal alien kingdom', ' weird alien trees', ' lush alien landscape', ' strange alien forest', ' alien landscape', ' by tomasz alen kopera', ' psychedelic surreal art', ' peter gric and dan mumford', ' alien forest', ' an alien landscape', ' amazing alien landscape', ' psychedelic vegetation']"
29,"scottish landscape inside a steampunk glass jar hanging from a hot air balloon, intricate detail, hyper detailed, ultra realistic, sharp focus, octane render, lantern, volumetric, ray tracing, sense of awe, swirling mist, blue moon, 4 k ","['a lantern with a blue light inside of it', ' graphic of enchanted terrarium', ' inspired by Johfra Bosschart', ' dreamscape in a jar', ' fantasy matte paintingÔºåcute', ' fantasy atmospheric lighting', ' beautiful screenshot', ' realistic fantasy render', ' rendered art', ' volumetric lighting. fantasy', ' lantern', ' fantasy 3 d render', ' lamp ( ( ( fish tank ) ) ) )']"
30,a man catching an angry whale on the end of his fishing rod cinematic 3 5 mm hyperrealistic ,"['a man holding a fishing pole while standing on a boat', ' color footage', ' fisherman', ' fishing', ' high resolution film still', ' people angling at the edge', ' 35mm ‚Äîw 1920 ‚Äîh 1080', ' video still', ' 1960s color photograph', ' film shot', ' color film still 1 9 7 7', ' color film still']"
31,"photoreal cyberpunk!!! portrait by nicola samori and russ mills, very intricate! worker wearing a black hoody, glittering light leaks, electromagnetic waves!, blue glowing aggressive led eyes, zbrush, greeble skin, octane render, colani design, cyberpunk, dystopia tokyo ","['a close up of a person with makeup on', ' cyberpunk face', ' dystopian digital art', ' hyper-realistic cyberpunk style', ' cyberpunk horror style', ' cyberpunk portrait', ' portrait of an android', ' detailed portrait of a cyborg', ' dystopian sci-fi character', ' symmetrical portrait scifi', ' dark schizophrenia portrait', ' photorealistic dark concept art', ' cyberpunk digital painting', ' dark but detailed digital art']"
32,"cute fluffy kitten panda bunny hybrid mixed creature character concept, with long flowing fur blowing in the wind, wearing headdress of peacock feathers and flowers, detailed painting, three quarter profile view, renaissance, 4 k ","['a cat with a flower crown on its head', ' adorable digital painting', ' cute detailed digital art', ' cute digital art', ' furry art', ' cute detailed artwork', ' furry fantasy art', ' very very beautiful furry art', ' furry digital art', ' anthropomorphic cat', ' furry artist', ' fleurfurr', ' digital art animal photo', ' furry art!!!', ' cute artwork', ' ghibli tom bagshaw']"
33,landscape of nantes in france oil painting ,"['a painting of a bridge over a river', ' zdzislaw oil on canvas', ' 1 9 2 7 oil on canvas', ' inspired by Alfred Sisley', ' by Hans Fischer', ' by Karel ≈†tƒõch', ' by Alfons von Czibulka', ' by Adolf Born', ' by G√©rard Ernest Schneider', ' by J√≥zsef Koszta']"
34,"a drawing by gustave dore of a deep sea crinoid. etching, lithograph ","['a black and white drawing of an octopus', ' etched relief', ' long wispy tentacles', ' flowing tendrils', ' ornate tentacles growing around', ' highly detailed etching', ' tendrils', ' tentacles', ' many tentacles', ' an etching', ' spiky tentacles', ' sinuous fine roots', ' cthulhu', ' lichtenberg figure', ' etching', ' tentacles in universe', ' covered with tentacles']"
35,"a female demon reaper with a dark purple dress with extrem anger is standing in beautiful moonshine im front of a bloody hell, wlop 4 k, realistic concept art by aleksandra waliszewska, aoi ogata, greg rutkowski and nona limmen ","['a woman in a purple dress holding a sword', ' dark fantasy style art', ' dark fantasy concept art', ' dark fantasy character design', ' dark sorceress full view', ' dark cloaked necromancer', ' in style of dark fantasy art', ' senior concept artist', ' epic exquisite character art', ' dark elf maiden', ' female necromancer', ' dark fantasy illustration', ' dark fantasy style']"
36,"the essence of the chemical element hydrogen, by m. c. escher ","['a black and white drawing of a maze', ' mc escher style', ' escher++', ' mc escher illustration', ' inspired by M. C. Escher', ' inspired by M.C. Escher', ' inspired by MC Escher', ' escher mc', ' escher style', ' mc escher architecture', ' mc escher!!', ' mc escher tesselation']"
37,"a green tree frog made of jello, shiny, glowing eyes, octane render ","['a green frog with red eyes sitting on a table', ' frog', ' cute frog', ' frog perspective', ' beautiful frog', ' froggy', ' the wednesday frog', ' alien frog', ' portrait of a frog', ' frogs', ' frog themed', ' rendered illustration', ' artistic render', ' cute 3 d render', ' closeup portrait shot', ' depicted as a 3 d render', ' raytraced render', ' raytraced realistic', ' miniature frog']"
38,"low poly, pixar, un surreal hybrid animals, nostalgia for a fairytale, magic realism, flowerpunk, mysterious vivid colors by andy kehoe and amanda clarke en un mundo de gediminas pranckevicius, zdzis≈Çaw beksinski y lisa frank ","['a purple horse standing in a field of flowers', ' beeple and jeremiah ketner', ' jen bartel', ' super detailed color lowpoly art', ' field of fantasy flowers', ' floral environment', ' beeple and james jean', ' dreamy psychedelic anime', ' colorful concept art', ' lost in a dreamy fairy landscape', ' overgrown with shiny blobs', ' dreamlike digital painting']"
39,dreams by dali and atey ghailan ,"['a couple of women sitting on top of a bed', ' cyril rolando and goro fujita', ' atey ghailan 8 k', ' digital art #oneshotgame', ' inspired by Cyril Rolando', ' in style of cyril rolando', ' in style of atey ghailan', ' sergey kolesov concept art', ' inspired by Atey Ghailan', ' by Atey Ghailan']"
40,"spider made of labradorite, fantasy, highly detailed, digital matte painting, artstation, concept art, sharp focus, illustration ","['a large spider with a blue and green orb on its back', ' steampunk spider', ' spider', ' fear of spiders', ' spiders!!!!', ' highly detailed barlowe 8 k', ' lolth', ' spiders', ' arachnid', ' spider legs large', ' big spider', ' giant spider', ' arachne', ' giger spider joker', ' arachnophobia', ' half human half spider', ' by Esao Andrews']"
41,"sukuna from jujutsu kaisen, highly detailed, digital painting, fantasy, trending on artstation, concept art, sharp focus, illustration, art by artgerm and greg rutkowski and magali villeneuve ","['a man in a black robe holding a red light', ' badass anime 8 k', ' madara uchiha', ' sasuke uchiha', ' with red glowing eyes', ' akatsuki akira', ' pain from naruto', ' itatchi uchiha', ' itachi uchiha', ' with glowing red eyes', ' joker as naruto', ' hinata hyuga', ' yasuke 5 0 0 px models']"
42,"a painting of a landscape with a red sky with a black rising moon, poster art by noah bradley, peter mohrbacher, behance contest winner, symbolism, darksynth, poster art, apocalypse art, hellish background ","['a man standing on top of a mountain looking at the sun', ' artgem and beeple masterpiece', ' beeple and tim hildebrandt', ' inspired by Christopher Balaskas', ' beeple artwork', ' by Christopher Balaskas', ' beeple and greg rutkowski', ' beeple art', ' beeple and jean giraud']"
43,"portrait of beautiful long haired fluffy white tabby striped wolf profile view with flowing fur blowing in the wind, wearing renaissance robes with lace collar and headdress with tribal peacock feathers and flowers, detailed painting 4 k ","['a white dog with a bandana on its head', ' a white wolf', ' very very beautiful furry art', ' white wolf', ' a painting of white silver', ' digital art animal photo', ' detailed intricate fur', ' 3 0', ' an anthropomorphic wolf', ' anthropomorphic wolf', ' persian folklore illustration', ' portrait shot', ' furry digital art', ' samoyed dog', ' dramatic cinematic detailed fur']"
44,"cosmic horror cute fluffy grey tabby border collie and tan lop eared bunny rabbit hybrid mixed creature concept, with long flowing fur, wearing headdress of tribal peacock feathers and flowers, detailed painting, renaissance, 4 k lovecraft!! dark omnious atmosphere tentacles!! ","['a painting of a rabbit with long hair', ' anthropomorphic rabbit', ' cute anthropomorphic bunny', ' furry fantasy art', ' surreal hybrid animals', ' rabbit warrior', ' beeple and jeremiah ketner', ' mythical whimsical creatures', ' cyborg jackalope cyberpunk', ' award winning creature portrait', ' bunnypunk', ' ghibli tom bagshaw', ' the white rabbit', ' rabbit', ' exquisite creature poster art']"
45,"a giant rock floating in the air, magical levitation, vegetation overgrowth, matte painting, cinematic, artstation, painted by craig mullins and albert bierstadt ","['a man standing on top of a lush green hillside', ' andreas rocha and john howe', ' epic dreamlike fantasy landscape', ' andreas rocha style', ' impressive fantasy landscape', ' paul lehr and beeple', ' fantasy digital painting', ' 4k fantasy art', ' fantasy art landscape', ' high fantasy landscape', ' detailed matte fantasy painting', ' detailed fantasy digital art', ' painted by andreas rocha']"
46,"the mad hatter from alice in wonderland at the dark carnival in hell, crazy, psychopathic, highly detailed, artstation, intricate, smooth, sharp focus, dark, horror, illustration, art by greg rutkowski and yuumei, good clear quality, lighting, biology, symmetrical artwork, perfect face, 1 3 5 mm, cinematic, hyper realism, high detail, octane","['a drawing of a man with a top hat', ' the mad hatter', ' the madhatter', ' mad hatter', ' grim-hatter', ' the rad hatter', ' johnny depp portrait', ' in style of tim burton', ' tim burton comic book art', ' epic pencil illustration', ' lee bermejo', ' inspired by Sir John Tenniel', ' sketch art', ' portrait of johnny depp']"
47,oil painting by delacroix of a horse not at all frightened by a thunderstorm. ,"['a painting of a horse running in a field', ' by John Frederick Herring', ' Sr.', ' by John Frederick Herring', ' Jr.', ' inspired by John Frederick Herring', ' Sr.', ' inspired by John Frederick Herring', ' Jr.', ' the portrait of an elegant', ' by George Stubbs', ' inspired by Jacques-Laurent Agasse', ' jacques - laurent agasse', ' inspired by George Stubbs']"
48,"[ [ art deco ] ] 1 9 2 0 metropolis art deco architecture fantasy by jama jurabaev greg rutkowski tyler edlin, james paick, emmanuel shiru, victor mosquera, intricate elegant retrofuturistic highly detailed, artstation [ cyberpunk ] ","['a futuristic city in the middle of a foggy sky', ' in fantasy sci - fi city', ' sci - fi city', ' futuristic dystopian city', ' ancient sci - fi city', ' sci fi city', ' otherwordly futuristic city', ' busy cyberpunk metropolis', ' aerial view of a cyberpunk city', ' science fiction city', ' wlop. scifi', ' dirty cyberpunk city', ' dire cyberpunk city', ' futuristic cyberpunk city']"
49,"translucent cute pokemon like pet with cute eyes, dark colors smoke spiritual fantasy digital art by artgem, studio ghibli, clean cel - shaded vector art, style artstation, style greg rutkowski, octane render, unreal engine 6, epic game graphics, fantasy, conceptual art, ray tracing ","['a group of pokemons with glowing eyes', ' style of cute pokemon', ' new pokemon', ' conceptual mystery pokemon', ' weird pokemon', ' illustration pokemon', ' style of pokemon', ' mystery pokemon', ' glowing sprites', ' pokemon art style', ' the fox-like evolution pokemon', ' pokemon anime style', ' earth type pokemon', ' cute cyber gods', ' cute mouse pokemon', ' water sprites', ' adorable glowing creature', ' pokemon']"
50,happy male chubby strawberry blonde viking with short hair dancing around in meadow holding a bunch of flowers in the style of rutkowski ,"['a man is throwing a frisbee in a field', ' field - blur', ' blurry image', ' deblurring', ' photo blurring', ' beautiful surroundings', ' slightly out of focus', ' blurry photography', ' blurred photo', ' deblur', ' blurry photo', ' unblur', ' very shallow depth of field', ' not blurry', ' slightly blurred', ' severe out of focus', ' blurry', ' heavy jpeg artifact blurry']"
51,"girl stands in a japanese street - poster by wlop, kiyohara tama, krenz cushart, masamune shirow, makoto shinkai, yanjun cheng. featured on pixiv, anime aesthetic, pixiv, anime, cold tones, artstation, power lines, vanitas, official art, gothic dark. noise film photo - up portrait h 7 0 4","['a woman in a white dress is walking down a street', ' anime poster film still portrait', ' anime still film anime shikishi', ' in style of makoto shinkai', ' ( ( makoto shinkai ) )', ' makoto shinkai!!', ' makoto shinkai. digital render', ' makoto shinkai!', ' makoto shinkai style', ' makoto shinkai art style']"
52,simple yellow hexagon beehive tattoo ,"['a woman with a yellow and black umbrella tattoo on her arm', ' geometric tattoos', ' half life logo on chest', ' tattoos of star wars symbols', ' tattoo on shoulder', ' shoulder tattoo', ' by Stefan Gierowski', ' surreal black and yellow', ' geometrically realistic', ' by Justin Sweet', ' tattoo on upper arm', ' by Nathan Oliveira', ' by Samuel Silva', ' black and yellow colors']"
53,"a man playing an invisible cello to destroy demons, demons surround the man, spiritual emanations, resonating sound energy, roses, rain, cafe setting, beautiful classical ornament, framed, tarot card, immense landscape, alpay efe, wlop, alessio albi ","['a man standing in front of a painting of roses', ' dramatic artwork', ' photomanipulation', ' mixed media photography', ' romanticism artwork', ' emotional surrealist art', ' surreal composition', ' surreal art', ' surreal glimpse', ' surrealist conceptual art', ' hauntingly surreal', ' inspired by Igor Morski', ' surrealist photography', ' album art', ' surreal collage', ' surreal photo']"
54,"animation still frame of a puppy eating a bowl of spaghetti, high angle closeup portrait, blurry background of the library, disney, pixar, bloom, medium shot, dramatic lighting, in the style of studio ghibli, j. c. leyendecker, greg rutkowski, artgerm ","['a dog is eating spaghetti out of a bowl', ' anthropomorphic dog eating', ' adorable digital painting', ' eating spaghetti', ' slurping spaghetti', ' eating spaghetti from a bowl', ' ultrarealistic illustration', ' spaghetti', "" mom's spaghetti he's nervous"", ' cute detailed digital art', ' ultra realistic illustration', ' cute 3 d render', ' realistic illustration', ' eating noodles', ' photorealistic illustration', ' hyperrealistic illustration']"
55,"milhouse van houten, hyperrealistic, volumetric golden dappled dynamic lighting, highly detailed, sharp focus, by victo ngai, artgerm ","['a man with glasses and a yellow shirt', ' nft portrait', ' digital illustration portrait', ' digital portrait', ' stylized portrait', ' drawn with photoshop', ' digital illustration', ' digitalportrait', ' cartoon portrait', ' 2d portrait', ' high quality portrait', ' realistic self portrait', ' digital art portrait', ' ai self portrait', ' character portrait of me', ' stylized portrait h 640']"
56,manmadetexture pbr materials procedural tile patern substance photo game cg textures. com gametextures studio resource image handpaint ,"['a series of four pictures of a stone wall', ' dystopian floor tile texture', ' hand painted textures', ' ancient stone tiling', ' tiling texture', ' stylized stone cladding texture', ' pearly flagstones', ' flagstones', ' painted texture maps', ' floor texture', ' stone floor', ' stylised hand painted textures', ' stylised textures', ' highly detailed texture', ' stone texture', ' high quality textures']"
57,"jaden smith symmetric portrait as egyptian, front view, white tunic, meadow background, highly detailed, sharp focus, illustration, art by aleksi briclot, magali villeneuve, greg rutkowski, alfons mucha ","['a painting of a young man in a field', ' portrait of willow smith', ' inspired by Thomas Blackshear', ' portrait willow smith', ' maximus jacobs', ' will smith portrait', ' from kehinde wiley', ' high quality portrait', ' portrait of ultra realistic', ' inspired by Dino Valls', ' in style of tyler mitchell', ' realism art', ' by Barkley Hendricks', ' kehinde wiley']"
58,"portrait of a confident and mature looking northern blond lady in black bdsm leather mask, beautiful blue eyes and red lips, fit abs and body, art by artgerm and greg rutkowski and magali villeneuve, highly detailed, digital painting, trending on artstation, concept art, sharp focus, illustration, masterpiece ","['a woman dressed in a black leather outfit', ' artgerm julie bell beeple', ' wlop and artgerm', ' alena aenami and artgerm', ' portrait of a cyborg queen', ' artgerm style', ' artgerm and warren louw', ' artgerm and grek rutkowski', ' artgerm greg rutkowski _ greg', ' artgerm art']"
59,"an epic artistic colourful natural scene on an alien planet. organic weird landscape. beautiful very detailed digital artwork by vincent bons, michael whelan, remedios varo and gerardo dottori. grainy and rough. interesting pastel colour palette. beautiful light. oil and water colour based on high quality render. ray tracing. beams. ","['a painting of a desert with trees and rocks', ' amazing alien landscape', ' alien landscape', ' an alien landscape', ' beautiful alien landscape', ' stunning alien landscape', ' surreal alien kingdom', ' turbulent alien vivid landscape', ' alien breathtaking landscape', ' an alien landscape view', ' lush alien landscape', ' inspired by tomasz alen kopera', ' strange alien forest', ' alien desert', ' alien environment']"
60,self - portrait in the park ; giovanni boldini ; impressionism ; 1 9 2 1 ,"['a painting of a man sitting on a bench', ' felix vallotton', ' by Leonid Pasternak', ' valentin serov style', ' by K√°roly Ferenczy', ' by Ramon Casas i Carb√≥', ' self - portrait', ' self-portrait', ' inspired by Leonid Pasternak', ' by Gustave Caillebotte']"
61,"bismuth stellations by m. c. escher, endre rozsda, hilma af klint, wu guanzhong. ink and wash painting, calligraphy, vibrant, woodblock, ink, geometric, 3 d, cherenkov radiation. ","['a painting of a blue and yellow flower', ' by Yoshio Markino', ' by Hiromu Arakawa', ' style of yoshitaka amano', ' range murata yoshitaka amano', ' yoshitaka amano vibe', ' amano yoshitaka', ' kentaro miura art', ' bastien yoshitaka amano']"
62,belgian shepherd malinoix playing in a punk rock group called ruin ,"['a black and brown dog sitting in a field', ' german shepherd', ' regal pose', ' looking to his left', ' photo of ghost of anubis', ' 2 years old', ' a handsome', ' extremely handsome', ' very handsome', ' closeup portrait shot', ' black ears', ' proud looking away', ' stunning!', ' shadow', ' canine', ' bella', ' looking to his side', ' k9', ' looking off to the side']"
63,portrait of andre the giant in the style of studio ghibi ,"['a painting of a man with curly hair', ' big moe', ' andre the giant', ' by Warren Mahy', ' painted todd lockwood', ' inspired by Malcolm Morley', ' by Greg Staples', ' by Craig Thompson', ' inspired by Russell Drysdale', ' movie scene portrait closeup', ' by Mitchell Johnson', ' by Lee Loughridge', ' beatufil painting', ' great likeness', ' peter driben']"
64,"nordic mire, brown bear, scenic sunrise, hdr, photorealism, mist, enchanting scenery, nikon d 8 5 0, wide lens, sigma 5 5 ","['a pond in a field with mountains in the background', ' nordic landscape', ' by Harald Giersing', ' by Anton Lehmden', ' by Sebastian Spreng', ' by Erik Pevernagie', ' by Andrei Kolkoutine', ' norwegian landscape', ' taiga landscape', ' northern finland', ' by Eero Snellman', ' lapland', ' by Johan Lundbye', ' by Olaf Gulbransson']"
65,"eiffel tower in paris, art by artgerm and greg rutkowski and magali villeneuve, d & d, fantasy, highly detailed, digital painting, trending on artstation, concept art, sharp focus, illustration ","['the eiffel tower is lit up at sunset', ' inspired by Jules Ch√©ret', ' inspired by Vincent Lefevre', ' concept art oil painting', ' concept art | rhads', ' inspired by Marius Borgeaud', ' silvain sarrailh', ' inspired by Jean B√©raud', ' jessica rossier fantasy art', ' dramatic concept art', ' concept art painting']"
66,"only with red, a red faceless king, in a red throne room, a red majestic kingdom but decadent, many skeletons, in the style of beksinski, parts by edward hopper, parts by michael sowa, parts by yue minjun, intricate and mindblowing composition by bosch, red by caravaggio, high quality, high details, masterpiece, red light, artstation,","['a painting of a skeleton and a bunch of dead animals', ' skeletons', ' skeletal omens', ' all skeletons', ' macabre art', ' skeletal figures', ' sebastian kruger', ' skeletons rising from the dead', ' dug stanat macabre art', ' bekskinski', ' volcanic skeleton', ' with a skeleton army', ' michael hussar', ' thomas eakins and beksinski', ' michael hutter', ' very creepy']"
67,"photograph, bladerunner city at night, neon pink undertones, sidewalk view ","['a city at night with neon signs and a car', ' cyberpunk hiroshima', ' futuristic cyberpunk tokyo night', ' in cyberpunk city', ' neon tokyo', ' neon city', ' vaporwave city', ' cyberpunk streets in japan', ' cyberpunk dreamscape', ' at cyberpunk city', ' cyberpunk aesthetic', ' aesthetic cyberpunk', ' cyberpunk lights', ' tokyo futuristic and clean', ' cyberpunk aesthetics', ' cyberpunk vibes', ' cyberpunk city', ' cyberpunk street']"
68,picture of a 3 d rendered golden number 6 on a white background. small text saying 4 is at the bottom of the image. ,"['a number of yellow numbers on a black surface', ' ∆í5.6', ' c 4 d ‚Äù', ' typographical experiments', ' 3 6 years old', ' numerology', ' c 4 d style', ' yellow calibri font', ' numerical', ' -n 6', ' - n 6', ' iso640', ' nd 6', ' no numbers', ' iso', ' 4 k detail', ' 4k detail']"
69,full body concept art of elizabeth olsen as scarlet witch holding [ magic in hands ]! symmetry!! golden ratio concept art!! trending on artstation 3 2 k trending on cgsociety intricate artstation hd artstation portraits cgsociety contest winner hd bright lovely atmosphere mucha winkelmann rutkowski wlop artgerm ,"['a woman in a red cape standing next to a woman in a red cape', ' scarlet witch marvel', ' scarlet witch', ' elizabeth olsen as scarlet witch', ' wanda maximoff', ' emma watson as the scarlet witch', ' scarlet witch costume', ' in style of marvel and dc', ' marvel concept art', ' marvel art', ' in style of marvel', ' in style of marvel comics', ' fan art']"
70,surrealist painting of the colors blue and yellow fighting each other with exploding fists ,"['a painting of a group of people on a blue background', ' inspired by Yves Klein', ' inspired by Nicolas Poussin', ' blue and yellow fauna', ' triumphant', ' by Zoran Mu≈°iƒç', ' yellow and blue', ' blue and yellow', ' some yellow and blue', ' inspired by Jean Arp', ' yellow and blue and cyan', ' inspired by Willem de Kooning', ' sky']"
71,"cute kawai young dragon lizard, league of legends hero, hearthstone character, intricate, elegant, highly detailed, digital painting, artstation, concept art, smooth, sharp focus, illustration, art by artgerm and greg rutkowski and alphonse mucha, 8 k ","['a dragon with a flame in its hand', ' by Adam Marczy≈Ñski', ' fantasy card game art', ' epic fantasy card game art', ' d&d commision art dragon', ' magic the gathering card art', ' by Kerembeyit', ' realistic fantasy illustration', ' collectible card art', ' dragon portrait', ' epic fantasty card game art', ' hyperrealistic d & d fantasy art']"
72,"grainy vintage illustration of flash gordon drinking a coke in a public bathroom, newspaper advertisement ","['a cartoon of a man holding a megaphone', ' by Bob Singer', ' the artist is charles burns', ' dave sim', ' charles burns', ' inspired by Milton Caniff', ' by Al Feldstein', ' steve purcell', ' by Roy Dalgarno', ' by Steve Brodner', ' inspired by Alex Toth', ' mark schultz', ' by Hugh Hughes', ' ( art fitzpatrick )', ' by Carl Eytel']"
73,"portrait of young gauchos wearing pilcha while walking in a verdant, verdurous brazilian steppe, intricate, very detailed, jodhpurs greg manchess painting by sargent and leyendecker, studio ghibli fantasy close - up shot asymmetrical intricate elegant matte painting illustration hearthstone, by greg rutkowski by greg tocchini by james gilleard ","['a painting of two men riding horses in a field', ' mexican vaquero', ' james gurney painting style', ' western art', ' craig mullins dappled lighting', ' style of raphael lacoste', ' western painting', ' colonial expedition', ' inspired by Enrique Simonet', ' martin raphael lacoste', ' inspired by N.C. Wyeth', ' inspired by N. C. Wyeth']"
74,"alexandra daddario in mirrors, pretty face, close, cinematic moody colors, realistic shaded lighting, cinematic wallpaper by stanley artgerm lau ","['two women with blue eyes are staring at each other', ' beautiful gemini twins portrait', ' beautiful gemini good and evil', ' beautiful gemini twins', ' pale skin and dark eyes', ' beautiful highly symmetric faces', ' cute face. dark fantasy', ' portrait of evil girl', ' surreal beautiful young woman', ' beautiful eyes. symmetry', ' girl with white eyes', ' realistic female faces', ' expressive eyes. symmetry']"
75,henri rosseau. a jungle in the twilight sun. lots of colorful flowers and animals. a small pond with frogs. ,"['a painting of a jungle with a pond and lots of flowers', ' jungle scene', ' mysterious jungle painting', ' colourful jungle', ' peter driben', ' the jungle at the background', ' jungle', ' jungle landscape', ' jane newland', ' in style of henri rousseau', ' painting of a forest', ' tropical forest', ' fantasy jungle', ' inspired by Paul Ranson', ' by Paul Ranson', ' laurent durieux']"
76,"evil occult grimoire, painted cover laughing, 4 k ultra realistic detailed 8 k sensation of dread artstation trending dramatic lighting contrasting light and dark style photorealism cinematic magic colorful wonder by h. p. lovecraft elden ring ","['a painting of a demon with a full moon in the background', ' green goblin portrait', ' inspired by Jeff Easley', ' the green goblin', ' green goblin', ' horror fantasy art', ' goblin art', ' portre of a psyschonaut demon', ' wide evil grin', ' fantasy horror art', ' is evil gremlin', ' medium portrait of a goblin', ' by Todd Lockwood', ' vampire', ' demonic creature']"
77,"full - length impressionist portrait. an emo. short dark brown messy pixie haircut, large eyes, black eyes, antichrist eyes, slightly rounded face, pointed chin, thin lips, small nose, black tank top, black leather jacket, black knee - length skirt, black choker. ","['a painting of a woman with black makeup', ' girl with black hair', ' woman with black hair', ' fully clothed. painting of sexy', ' clothed! oil on canvas', ' clothed non - nude portrait', ' painting of a woman', ' makoto oil painting', ' clothed!! oil on canvas', ' mona lisa as a goth girl', ' black velvet painting', ' portrait of lain iwakura']"
78,"cloth, white fabric coat, jodhpurs high black or brown lether boots and belts, fashion retro, elegant long hair brunette young girl, dark fantasy traveler, sunset light, geometrical low poly, dainty renaissance portrait by michael garmash, greg rutkowski, gaston bussiere, rhads, craig mullins ","['a woman holding a tennis racquet on top of a mountain', ' alena aenami and artgerm', ' rhads and lois van baarle', ' alphonse mucha and alena aenami', ' gorgeous digital painting', ' inspired by Francesco Hayez', ' inspired by Carl Heinrich Bloch', ' inspired by Cornelis van Poelenburgh', ' inspired by Mead Schaeffer']"
79,"cute fluffy grey tabby border collie and tan lop eared bunny rabbit hybrid mixed creature character concept, with long flowing fur, wearing headdress of tribal peacock feathers and flowers, detailed painting, renaissance, 4 k lovecraft!! dark omnious atmosphere tentacles!! ","['a drawing of a rabbit with long hair', ' anthropomorphic rabbit', ' cute anthropomorphic bunny', ' furry fantasy art', ' fursona furry art commission', ' furry art!!!', ' furry character portrait', ' the bunny has pink fur', ' furry digital art', ' disney stylized furry', ' very very beautiful furry art', ' with pointy ears', ' fursona art', ' fursona commission']"
80,"a retro minimalistic fire flame warning caution label enamel pin, hd, concept art, artstation ","['a red and black fire badge on a table', ' (fire)', ' fire', ' crimson fire head', ' emblem', ' fire theme', ' firey', ' blazing fire', ' fire stainglass', ' red flames', ' custom', ' badge', ' flames', ' fire red', ' official product photo', ' flame', ' red flames in background', ' small fire', ' burning fire', ' fire in the background', ' full product shot']"
81,"realistic portrait of an ethiopian knight in a byzantine mosaic, very detailed, very realistic, elegant, top art, renowed artwork ","['a painting of a woman with a cross in her hands', ' inspired by Nicomachus of Thebes', ' inspired by Mati Klarwein', ' african iconography', ' inspired by Leo and Diane Dillon', ' inspired by Taddeo Gaddi', ' portrait of saint of the pit', ' mosaic', ' patron saint of üõ∏üåàüë©üèæ', ' a mosaic', ' by Mati Klarwein']"
82,the fool tarot by roberto matta ,"['a painting of a man and a woman', ' inspired by Wilfredo Lam', ' cubism style', ' cubist picasso', ' abstract painting of man on fire', ' inspired by Wifredo Lam', ' by Wilfredo Lam', ' similar aesthetics to picasso', ' a cubist painting', ' by Wifredo Lam', ' picasso style', ' metzinger', ' inspired by Amadeo de Souza Cardoso']"
83,"kodak portra 4 0 0, wetplate, muted colours, blueberry, 1 9 2 0 s style, long shot, macro photo of a colourful 1 9 2 0 s handsome chubby 1 6 yo bavarian cowherd girl posing in a beautiful flower meadow in the bavarian alps, mountain panorama, motion blur, tiny gaussian blur, depth of field ","['a man standing in a field of flowers', ' in a field of flowers', ' in a field with flowers', ' standing in a flower field', ' sitting in a field of flowers', ' standing in flower field', ' standing in a field with flowers', ' in a meadow', ' fat woman', ' a portrait of a plump woman', ' girl frontal in a flower field', ' a goddess in a field of flowers']"
84,back view of a woman war hero standing before an erupting volcano cinematic theatrical lighting dramatism anton fadeev greg rutkowski intricate 3 2 k trending on artstation cgsociety contest winner award winning golden ratio centered minutia details ,"['a couple of women standing next to each other', ' jen bartel', ' concept art | rhads', ' alena aenami and android jones', ' by sylvain sarrailh', ' rhads and lois van baarle', ' anato finnstark and alena aenami', ' inspired by sylvain sarrailh', ' digital painting concept art', ' atey ghailan 8 k']"
85,a panicked woman in a corridor wearing a green ball gown and emerald necklace. blood stains on her face. terrified look. long chestnut hair. photograph by vittorio matteo corcos ,"['a couple of creepy dolls hanging on a wall', ' ghostly figures', ' spirits covered in drapery', ' creepy!!', ' very creepy', ' ghostly spirits', ' horror photography', ' alexandra fomina', ' benjamin vnuk', ' creepy surrealism', ' vintage horror', ' by Albert Keller', ' sinister photo', ' horror photo', ' sergey zabelin', ' very very creepy', ' several dolls in one photo', ' inspired by Kati Horna']"
86,"a painting of a japanese demon by kentaro miura, inking, high detail, trending on artstation ","['a black and white drawing of a monster', ' mark riddick', ' inspired by katsuya terada', ' azathoth', ' highly detailed dark art', ' detailed ink drawing', ' inspired by Ian Miller', ' detailed cover artwork', ' intricate hyper detail', ' unholy abomination', ' insanely detailed linework', ' ink artwork', ' detailed ink illustration', ' chtulhu', ' in style of katsuya terada']"
87,"collision of [ earth and mars ]!!, view from space!!, trending on artstation!!, astrophotography!!, contest winner, award winning, sharp, intricate, detailed, digital art, 4 k, cinematic still, theatrical atmosphere, sci - fi art, dark fantasy, wide screen, wide angle ","['a view of a red planet with a small object in the foreground', ' on the orange surface of mars', ' sunset on mars', ' mars landscape', ' overlooking martian landscape', ' on the surface of mars', ' martian landscape', ' mars as background', ' mars setting', ' mars', ' mars aerial photography', ' standing on a martian landscape', ' martian sands background', ' planet mars in the background']"
88,bloodborne kart ,"['a couple of people standing in front of a castle', ' from software game', ' bloodborne style', ' bloodborne art', ' bloodborne', ' fromsoftware', ' bloodborne concept art', ' bloodborne cathedral', ' screenshot from bloodborne', ' bloodborne monster', ' dark soul concept art', ' sekiro in bloodborne world', ' in style of dark souls 3', ' portrait of a bloodborne hunter']"
89,"beautiful landscape, beauty, ornate robe. fractal bells, rule of thirds. intricate environment, art by victo ngai, rossdraws, thomas kinkade, ilya kuvshinov, peter mohrbacher, craig mullins. unreal engine 5, blender, octane, ray tracing, dramatic studio lighting, sharp focus, masterpiece, post processing ","['a couple of people standing on top of a lush green hillside', ' paul lehr and beeple', ' beeple and jean giraud', ' beeple and tim hildebrandt', ' beeple and alphonse mucha', ' japonisme 3 d 8 k ultra detailed', ' cinematic beeple', ' ross tran and michael whelan', ' beeple and mike winkelmann']"
90,"[ full - body portrait of a man ]! with a disdain, exacerbated facial expression, wearing a [ white robe ]!, trending on [ artstation ]!, digital art, cgsociety contest winner, [ symmetrical ]!, golden ratio!, award winning, bioluminescent colors, volumetric lighting, afrofuturism ","['a man in a bathrobe standing in front of a glowing angel', ' wearing nanotech honeycomb robe', ' long flowing white robe', ' wearing a long flowing robe', ' wearing white robe', ' wearing a white robe', ' clad in robes', ' wearing long white robe', ' flowing white robes', ' covered in robes', ' in robes', ' dressed in white robes', ' wearing white robes!', ' wearing white robes']"
91,"landscape by piotr jab≈Çonski, artstation, ultra detailed, 8 k ","['a painting of a stream running through a forest', ' fantasy art landscape', ' fantasy landscape painting', ' fantasy digital painting', ' realistic landscape', ' inspired by Andreas Rocha', ' forest clearing landscape', ' fantasy forest landscape', ' moody misty fantasy art', ' background artwork', ' photorealistic landscape', ' wlop and rhads', ' matte digital painting', ' highly realistic concept art', ' 4k hd matte digital painting']"
92,"figurativism tasteful portrait of a young dude 1 9 years old, with lemon ","['a painting of a woman with two lemons', ' john currin', ' inspired by Antonio Donghi', ' portrait a 1 5 - year - old boy', ' inspired by William McGregor Paxton', ' inspired by Johann Friedrich Overbeck', ' portrait of 1 5 - year - old boy', ' anton', ' inspired by Ridolfo Ghirlandaio', ' wearing a lemon']"
93,"rick sanchez in lab suit, face to camera walking in a field. france, dordogne, hills, ultra high, face to camera, detail, 8 k, sunset, flowers, trees, river, hills, octane render. ","['a man walking through a field of flowers', ' boris johnson as rick sanchez', ' photo of boris johnson running', ' boris johnson as neo from matrix', ' rick sanchez in real life', ' white hair floating in air', ' foxish guy in a lab coat', ' kid and mad scientist walking', ' inspired by Ben Zoeller', ' standing in a flower field', ' scientist']"
94,futuristic robot alien invasion award winning pixar movie poster ,"['a poster for the animated animated movie robots', ' animation film', ' 3 d animated movie', ' movie promotional image', ' tiny robots', ' animated film', ' movie promotional art', ' animation printed poster', ' animated movie', ' full of insect robots', ' small robots', ' army of robots', ' robots', ' who is a robot‚Äù', ' movie artwork', "" children's animated films"", ' animated movie still', ' promotional art']"
95,"highly detailed interior rendering of a beautiful luxurious house, unreal engine, by peter guthrie ","['a large room with a lot of windows', ' art nouveau octane render', ' volumetric lighting. fantasy', ' dramatic lighting render', ' ambient occlusion render', ' rendered in unreal engine 3', ' render in vray', ' rendered in unreal engine 3d', ' unreal engine 3 d render', ' vray rendered', ' an ambient occlusion render', ' rendered in vray', ' highly detailed 3d render']"
96,"a sad tiny cute chipmunk inside a prison cell behind bars, big eyes, cute face ","['a small animal in a cage looking through the bars', ' closeup photo', ' photo of a hamster', ' behind bars', ' rodent', ' closeup shot', ' hamster', ' close - up photo', ' close-up photo', ' mouse photo', ' closeup of an adorable', ' close up photo', ' close-up shot', ' close - up shot', ' closeup!!', ' photo illustration', ' closeup!!!!!', ' closeup portrait shot']"
97,"a biomechanical raspberry made of metal, reflective ","['a red object on a table with a green background', ' covered with ferrofluid. dslr', ' drooling ferrofluid. dslr', ' colorful ferrofluid armor', ' cyberpunk pincushion lens effect', ' made of ferrofluid', ' spike shell', ' from side', ' ferrofluid', ' floating metallic objects', ' a wide shot', ' shot with hasselblade camera', ' drooling ferrofluid', ' ornate egg']"
98,"cyberpunk coral alucard, highly detailed, digital painting, trending on artstation, concept art, sharp focus, illustration, art by artgerm and greg rutkowski and magali villeneuve ","['a woman with headphones and a gun', ' cyberpunk dude', ' cyberpunk art style', ' cyberpunk futuristic neo', ' cyberpunk portrait', ' has cyberpunk style', ' cyberpunk futuristic', ' cyberpunk face', ' cyberpunk vibes', ' cyberpunk character', ' cyberpunk themed art', ' cyberpunk hero', ' hyper-realistic cyberpunk style', ' cyberpunk 2077 rossdraws', ' cyberpunk digital art', ' cyberpunk horror style', ' in cyberpunk style']"
99,"long distance shot of a tiny cute polar bear on a tiny iceberg in the middle of the ocean, sunset, atmospheric, hazy ","['a polar bear standing on top of an iceberg', ' polar', ' polar bear', ' polar bear in the far background', ' by Johan Lundbye', ' award winning nature photo', ' global warming', ' arctic', ' award winning nature photograph', ' by Harald Giersing', ' luminist polar landscape', ' award - winning photo. ‚Äù', ' award - winning photo ‚Äù', ' by Jim Murray', ' by Josef Dande']"
